
Collecting yfinance
  Downloading yfinance-1.5.2-py2.py3-none-any.whl.metadata (6.2 kB)
Requirement already satisfied: pandas in /home/airflow/.local/lib/python3.13/site-packages (2.3.3)
Requirement already satisfied: numpy>=1.16.5 in /home/airflow/.local/lib/python3.13/site-packages (from yfinance) (2.5.0)
Requirement already satisfied: requests>=2.31 in /home/airflow/.local/lib/python3.13/site-packages (from yfinance) (2.34.2)
Collecting multitasking>=0.0.7 (from yfinance)
  Downloading multitasking-0.0.13-py3-none-any.whl.metadata (16 kB)
Requirement already satisfied: platformdirs>=2.0.0 in /home/airflow/.local/lib/python3.13/site-packages (from yfinance) (4.10.0)
Requirement already satisfied: pytz>=2022.5 in /home/airflow/.local/lib/python3.13/site-packages (from yfinance) (2026.2)
Collecting peewee>=3.16.2 (from yfinance)
  Downloading peewee-4.3.0-py3-none-any.whl.metadata (10 kB)
Requirement already satisfied: beautifulsoup4>=4.11.1 in /home/airflow/.local/lib/python3.13/site-packages (from yfinance) (4.15.0)
Collecting curl_cffi>=0.15 (from yfinance)
  Downloading curl_cffi-0.16.0-cp310-abi3-manylinux2014_x86_64.manylinux_2_17_x86_64.whl.metadata (17 kB)
Requirement already satisfied: protobuf>=3.19.0 in /home/airflow/.local/lib/python3.13/site-packages (from yfinance) (6.33.6)
Requirement already satisfied: websockets>=13.0 in /home/airflow/.local/lib/python3.13/site-packages (from yfinance) (16.0)
Requirement already satisfied: python-dateutil>=2.8.2 in /home/airflow/.local/lib/python3.13/site-packages (from pandas) (2.9.0.post0)
Requirement already satisfied: tzdata>=2022.7 in /home/airflow/.local/lib/python3.13/site-packages (from pandas) (2026.2)
Requirement already satisfied: soupsieve>=1.6.1 in /home/airflow/.local/lib/python3.13/site-packages (from beautifulsoup4>=4.11.1->yfinance) (2.8.4)
Requirement already satisfied: typing-extensions>=4.0.0 in /home/airflow/.local/lib/python3.13/site-packages (from beautifulsoup4>=4.11.1->yfinance) (4.16.0)
Requirement already satisfied: cffi>=2.0.0 in /home/airflow/.local/lib/python3.13/site-packages (from curl_cffi>=0.15->yfinance) (2.0.0)
Requirement already satisfied: certifi>=2024.2.2 in /home/airflow/.local/lib/python3.13/site-packages (from curl_cffi>=0.15->yfinance) (2026.6.17)
Requirement already satisfied: pycparser in /home/airflow/.local/lib/python3.13/site-packages (from cffi>=2.0.0->curl_cffi>=0.15->yfinance) (3.0)
Requirement already satisfied: six>=1.5 in /home/airflow/.local/lib/python3.13/site-packages (from python-dateutil>=2.8.2->pandas) (1.17.0)
Requirement already satisfied: charset_normalizer<4,>=2 in /home/airflow/.local/lib/python3.13/site-packages (from requests>=2.31->yfinance) (3.4.7)
Requirement already satisfied: idna<4,>=2.5 in /home/airflow/.local/lib/python3.13/site-packages (from requests>=2.31->yfinance) (3.18)
Requirement already satisfied: urllib3<3,>=1.26 in /home/airflow/.local/lib/python3.13/site-packages (from requests>=2.31->yfinance) (2.7.0)
Downloading yfinance-1.5.2-py2.py3-none-any.whl (144 kB)
Downloading curl_cffi-0.16.0-cp310-abi3-manylinux2014_x86_64.manylinux_2_17_x86_64.whl (13.5 MB)
   ━━━━━━━━━━━━━━━━━━━━━━━━━━━━━━━━━━━━━━━━ 13.5/13.5 MB 2.4 MB/s  0:00:05
Downloading multitasking-0.0.13-py3-none-any.whl (16 kB)
Downloading peewee-4.3.0-py3-none-any.whl (179 kB)
Installing collected packages: multitasking, peewee, curl_cffi, yfinance

Successfully installed curl_cffi-0.16.0 multitasking-0.0.13 peewee-4.3.0 yfinance-1.5.2
BACKEND=redis
DB_HOST=redis
DB_PORT=6379

2026-08-02T03:02:52.418622Z [info     ] setup plugin alembic.autogenerate.schemas [alembic.runtime.plugins] loc=plugins.py:37
2026-08-02T03:02:52.418985Z [info     ] setup plugin alembic.autogenerate.tables [alembic.runtime.plugins] loc=plugins.py:37
2026-08-02T03:02:52.419281Z [info     ] setup plugin alembic.autogenerate.types [alembic.runtime.plugins] loc=plugins.py:37
2026-08-02T03:02:52.419500Z [info     ] setup plugin alembic.autogenerate.constraints [alembic.runtime.plugins] loc=plugins.py:37
2026-08-02T03:02:52.419745Z [info     ] setup plugin alembic.autogenerate.defaults [alembic.runtime.plugins] loc=plugins.py:37
2026-08-02T03:02:52.419969Z [info     ] setup plugin alembic.autogenerate.comments [alembic.runtime.plugins] loc=plugins.py:37
  ____________       _____________
 ____    |__( )_________  __/__  /________      __
____  /| |_  /__  ___/_  /_ __  /_  __ \_ | /| / /
___  ___ |  / _  /   _  __/ _  / / /_/ /_ |/ |/ /
 _/_/  |_/_/  /_/    /_/    /_/  \____/____/|__/
2026-08-02T03:02:53.490443Z [warning  ] No visibility_timeout configured in [celery_broker_transport_options]. Using default of 86400 seconds (24 hours). Celery tasks running longer than this will be redelivered by the broker, which terminates the original task. If you have long-running tasks, increase this value in your Airflow configuration: [celery_broker_transport_options] visibility_timeout = <seconds> [airflow.providers.celery.executors.default_celery] loc=default_celery.py:60
2026-08-02T03:02:53.635095Z [warning  ] No visibility_timeout configured in [celery_broker_transport_options]. Using default of 86400 seconds (24 hours). Celery tasks running longer than this will be redelivered by the broker, which terminates the original task. If you have long-running tasks, increase this value in your Airflow configuration: [celery_broker_transport_options] visibility_timeout = <seconds> [airflow.providers.celery.executors.default_celery] loc=default_celery.py:60
2026-08-02T03:02:53.678890Z [info     ] Loaded executor: :CeleryExecutor: [airflow.executors.executor_loader] loc=executor_loader.py:376
2026-08-02T03:02:54.462687Z [info     ] Starting the scheduler         [airflow.jobs.scheduler_job_runner.SchedulerJobRunner] loc=scheduler_job_runner.py:1589
2026-08-02T03:02:54.469431Z [info     ] Adopting or resetting orphaned tasks for active dag runs [airflow.jobs.scheduler_job_runner.SchedulerJobRunner] loc=scheduler_job_runner.py:3244
2026-08-02T03:02:54.478138Z [info     ] Marked 1 SchedulerJob instances as failed [airflow.jobs.scheduler_job_runner.SchedulerJobRunner] loc=scheduler_job_runner.py:3268
2026-08-02T03:07:54.530557Z [info     ] Adopting or resetting orphaned tasks for active dag runs [airflow.jobs.scheduler_job_runner.SchedulerJobRunner] loc=scheduler_job_runner.py:3244
2026-08-02T03:12:54.555311Z [info     ] Adopting or resetting orphaned tasks for active dag runs [airflow.jobs.scheduler_job_runner.SchedulerJobRunner] loc=scheduler_job_runner.py:3244
2026-08-02T03:17:54.574178Z [info     ] Adopting or resetting orphaned tasks for active dag runs [airflow.jobs.scheduler_job_runner.SchedulerJobRunner] loc=scheduler_job_runner.py:3244
2026-08-02T03:22:54.605566Z [info     ] Adopting or resetting orphaned tasks for active dag runs [airflow.jobs.scheduler_job_runner.SchedulerJobRunner] loc=scheduler_job_runner.py:3244
2026-08-02T03:27:54.630585Z [info     ] Adopting or resetting orphaned tasks for active dag runs [airflow.jobs.scheduler_job_runner.SchedulerJobRunner] loc=scheduler_job_runner.py:3244
2026-08-02T03:32:54.678348Z [info     ] Adopting or resetting orphaned tasks for active dag runs [airflow.jobs.scheduler_job_runner.SchedulerJobRunner] loc=scheduler_job_runner.py:3244
2026-08-02T03:37:54.706163Z [info     ] Adopting or resetting orphaned tasks for active dag runs [airflow.jobs.scheduler_job_runner.SchedulerJobRunner] loc=scheduler_job_runner.py:3244
2026-08-02T03:42:54.735308Z [info     ] Adopting or resetting orphaned tasks for active dag runs [airflow.jobs.scheduler_job_runner.SchedulerJobRunner] loc=scheduler_job_runner.py:3244
Dag run  in running state
Dag information Queued at: 2026-08-02 03:47:11.279554+00:00 version: 1
2026-08-02T03:47:12.046657Z [info     ] 1 tasks up for execution:
	<TaskInstance: marketvol.create_temp_dir manual__2026-08-02T03:47:11.258743+00:00 [scheduled] ti_id=019fc095-334a-7fb5-80eb-cfde44c91679> [airflow.jobs.scheduler_job_runner.SchedulerJobRunner] loc=scheduler_job_runner.py:719
2026-08-02T03:47:12.046885Z [info     ] DAG marketvol has 0/16 running and queued tasks [airflow.jobs.scheduler_job_runner.SchedulerJobRunner] loc=scheduler_job_runner.py:822
2026-08-02T03:47:12.047159Z [info     ] Setting the following tasks to queued state (scheduler job_id=8):
	<TaskInstance: marketvol.create_temp_dir manual__2026-08-02T03:47:11.258743+00:00 [scheduled] ti_id=019fc095-334a-7fb5-80eb-cfde44c91679> (id=019fc095-334a-7fb5-80eb-cfde44c91679, try_number=1) [airflow.jobs.scheduler_job_runner.SchedulerJobRunner] loc=scheduler_job_runner.py:978
2026-08-02T03:47:12.051784Z [info     ] Trying to enqueue tasks: [<TaskInstance: marketvol.create_temp_dir manual__2026-08-02T03:47:11.258743+00:00 [scheduled] ti_id=019fc095-334a-7fb5-80eb-cfde44c91679>] for executor: CeleryExecutor(parallelism=32) [airflow.jobs.scheduler_job_runner.SchedulerJobRunner] loc=scheduler_job_runner.py:1152
2026-08-02T03:47:12.061316Z [warning  ] The HMAC key is 18 bytes long, which is below the minimum recommended length of 64 bytes for SHA512. See RFC 7518 Section 3.2. [py.warnings] category=InsecureKeyLengthWarning filename=/home/airflow/.local/lib/python3.13/site-packages/jwt/api_jwt.py lineno=147
2026-08-02T03:47:12.162920Z [warning  ] No visibility_timeout configured in [celery_broker_transport_options]. Using default of 86400 seconds (24 hours). Celery tasks running longer than this will be redelivered by the broker, which terminates the original task. If you have long-running tasks, increase this value in your Airflow configuration: [celery_broker_transport_options] visibility_timeout = <seconds> [airflow.providers.celery.executors.default_celery] loc=default_celery.py:60
2026-08-02T03:47:12.710996Z [info     ] Received executor event with state queued for task instance TaskInstanceKey(dag_id='marketvol', task_id='create_temp_dir', run_id='manual__2026-08-02T03:47:11.258743+00:00', try_number=1, map_index=-1) [airflow.jobs.scheduler_job_runner.SchedulerJobRunner] loc=scheduler_job_runner.py:1311
2026-08-02T03:47:12.737586Z [info     ] Setting external_executor_id for <TaskInstance: marketvol.create_temp_dir manual__2026-08-02T03:47:11.258743+00:00 [queued] ti_id=019fc095-334a-7fb5-80eb-cfde44c91679> to 1228ef30-04e6-4401-a408-39a355852fbd [airflow.jobs.scheduler_job_runner.SchedulerJobRunner] loc=scheduler_job_runner.py:1393
2026-08-02T03:47:23.540189Z [info     ] Marking run <DagRun marketvol @ 2026-08-02 03:47:09+00:00: manual__2026-08-02T03:47:11.258743+00:00, state:running, queued_at: 2026-08-02 03:47:11.279554+00:00. run_type: manual> successful [airflow.models.dagrun.DagRun] loc=dagrun.py:1249
Dag run in success state
Dag run start:2026-08-02 03:47:11.925879+00:00 end:2026-08-02 03:47:23.540475+00:00
2026-08-02T03:47:23.540880Z [info     ] DagRun Finished: dag_id=marketvol, logical_date=2026-08-02 03:47:09+00:00, run_id=manual__2026-08-02T03:47:11.258743+00:00, run_start_date=2026-08-02 03:47:11.925879+00:00, run_end_date=2026-08-02 03:47:23.540475+00:00, run_duration=11.614596, state=success, run_type=manual, data_interval_start=2026-08-02 03:47:09+00:00, data_interval_end=2026-08-02 03:47:09+00:00, [airflow.models.dagrun.DagRun] loc=dagrun.py:1315
2026-08-02T03:47:23.601564Z [info     ] Received executor event with state success for task instance TaskInstanceKey(dag_id='marketvol', task_id='create_temp_dir', run_id='manual__2026-08-02T03:47:11.258743+00:00', try_number=1, map_index=-1) [airflow.jobs.scheduler_job_runner.SchedulerJobRunner] loc=scheduler_job_runner.py:1311
2026-08-02T03:47:23.611080Z [info     ] TaskInstance Finished: dag_id=marketvol, task_id=create_temp_dir, run_id=manual__2026-08-02T03:47:11.258743+00:00, map_index=-1, ti_id=019fc095-334a-7fb5-80eb-cfde44c91679, run_start_date=2026-08-02 03:47:13.200437+00:00, run_end_date=2026-08-02 03:47:23.096996+00:00, run_duration=9.896559, state=success, executor=CeleryExecutor(parallelism=32), executor_state=success, try_number=1, max_tries=2, pool=default_pool, queue=default, priority_weight=1, operator=BashOperator, queued_dttm=2026-08-02 03:47:12.047706+00:00, scheduled_dttm=2026-08-02 03:47:12.027015+00:00,queued_by_job_id=8, pid=627 [airflow.jobs.scheduler_job_runner.SchedulerJobRunner] loc=scheduler_job_runner.py:1403
2026-08-02T03:47:54.761539Z [info     ] Adopting or resetting orphaned tasks for active dag runs [airflow.jobs.scheduler_job_runner.SchedulerJobRunner] loc=scheduler_job_runner.py:3244
2026-08-02T22:04:27.534980Z [info     ] Heartbeat recovered after 65696.55 seconds [airflow.jobs.job.Job] loc=job.py:239
2026-08-02T22:07:40.943087Z [info     ] Adopting or resetting orphaned tasks for active dag runs [airflow.jobs.scheduler_job_runner.SchedulerJobRunner] loc=scheduler_job_runner.py:3244
2026-08-02T22:12:43.428636Z [info     ] Adopting or resetting orphaned tasks for active dag runs [airflow.jobs.scheduler_job_runner.SchedulerJobRunner] loc=scheduler_job_runner.py:3244
2026-08-02T22:17:43.446092Z [info     ] Adopting or resetting orphaned tasks for active dag runs [airflow.jobs.scheduler_job_runner.SchedulerJobRunner] loc=scheduler_job_runner.py:3244
2026-08-02T22:22:43.465653Z [info     ] Adopting or resetting orphaned tasks for active dag runs [airflow.jobs.scheduler_job_runner.SchedulerJobRunner] loc=scheduler_job_runner.py:3244
2026-08-02T22:27:43.490220Z [info     ] Adopting or resetting orphaned tasks for active dag runs [airflow.jobs.scheduler_job_runner.SchedulerJobRunner] loc=scheduler_job_runner.py:3244
2026-08-02T22:32:43.511970Z [info     ] Adopting or resetting orphaned tasks for active dag runs [airflow.jobs.scheduler_job_runner.SchedulerJobRunner] loc=scheduler_job_runner.py:3244
2026-08-02T22:37:43.547442Z [info     ] Adopting or resetting orphaned tasks for active dag runs [airflow.jobs.scheduler_job_runner.SchedulerJobRunner] loc=scheduler_job_runner.py:3244
2026-08-02T22:42:43.570053Z [info     ] Adopting or resetting orphaned tasks for active dag runs [airflow.jobs.scheduler_job_runner.SchedulerJobRunner] loc=scheduler_job_runner.py:3244
2026-08-02T22:47:43.593759Z [info     ] Adopting or resetting orphaned tasks for active dag runs [airflow.jobs.scheduler_job_runner.SchedulerJobRunner] loc=scheduler_job_runner.py:3244
2026-08-02T22:52:43.623904Z [info     ] Adopting or resetting orphaned tasks for active dag runs [airflow.jobs.scheduler_job_runner.SchedulerJobRunner] loc=scheduler_job_runner.py:3244
2026-08-02T22:57:43.640500Z [info     ] Adopting or resetting orphaned tasks for active dag runs [airflow.jobs.scheduler_job_runner.SchedulerJobRunner] loc=scheduler_job_runner.py:3244
2026-08-02T23:02:43.659275Z [info     ] Adopting or resetting orphaned tasks for active dag runs [airflow.jobs.scheduler_job_runner.SchedulerJobRunner] loc=scheduler_job_runner.py:3244
2026-08-02T23:07:43.676439Z [info     ] Adopting or resetting orphaned tasks for active dag runs [airflow.jobs.scheduler_job_runner.SchedulerJobRunner] loc=scheduler_job_runner.py:3244
2026-08-02T23:12:43.697419Z [info     ] Adopting or resetting orphaned tasks for active dag runs [airflow.jobs.scheduler_job_runner.SchedulerJobRunner] loc=scheduler_job_runner.py:3244
2026-08-02T23:17:43.686752Z [info     ] Adopting or resetting orphaned tasks for active dag runs [airflow.jobs.scheduler_job_runner.SchedulerJobRunner] loc=scheduler_job_runner.py:3244
2026-08-02T23:22:43.718389Z [info     ] Adopting or resetting orphaned tasks for active dag runs [airflow.jobs.scheduler_job_runner.SchedulerJobRunner] loc=scheduler_job_runner.py:3244
2026-08-02T23:27:43.750050Z [info     ] Adopting or resetting orphaned tasks for active dag runs [airflow.jobs.scheduler_job_runner.SchedulerJobRunner] loc=scheduler_job_runner.py:3244
2026-08-02T23:32:43.774027Z [info     ] Adopting or resetting orphaned tasks for active dag runs [airflow.jobs.scheduler_job_runner.SchedulerJobRunner] loc=scheduler_job_runner.py:3244
2026-08-02T23:37:43.804867Z [info     ] Adopting or resetting orphaned tasks for active dag runs [airflow.jobs.scheduler_job_runner.SchedulerJobRunner] loc=scheduler_job_runner.py:3244
2026-08-02T23:42:43.840935Z [info     ] Adopting or resetting orphaned tasks for active dag runs [airflow.jobs.scheduler_job_runner.SchedulerJobRunner] loc=scheduler_job_runner.py:3244
2026-08-02T23:47:43.870090Z [info     ] Adopting or resetting orphaned tasks for active dag runs [airflow.jobs.scheduler_job_runner.SchedulerJobRunner] loc=scheduler_job_runner.py:3244
2026-08-02T23:52:43.901852Z [info     ] Adopting or resetting orphaned tasks for active dag runs [airflow.jobs.scheduler_job_runner.SchedulerJobRunner] loc=scheduler_job_runner.py:3244
2026-08-02T23:57:43.933704Z [info     ] Adopting or resetting orphaned tasks for active dag runs [airflow.jobs.scheduler_job_runner.SchedulerJobRunner] loc=scheduler_job_runner.py:3244
2026-08-03T00:02:43.957013Z [info     ] Adopting or resetting orphaned tasks for active dag runs [airflow.jobs.scheduler_job_runner.SchedulerJobRunner] loc=scheduler_job_runner.py:3244
2026-08-03T00:07:43.986254Z [info     ] Adopting or resetting orphaned tasks for active dag runs [airflow.jobs.scheduler_job_runner.SchedulerJobRunner] loc=scheduler_job_runner.py:3244
2026-08-03T00:12:44.016687Z [info     ] Adopting or resetting orphaned tasks for active dag runs [airflow.jobs.scheduler_job_runner.SchedulerJobRunner] loc=scheduler_job_runner.py:3244
2026-08-03T00:17:44.047431Z [info     ] Adopting or resetting orphaned tasks for active dag runs [airflow.jobs.scheduler_job_runner.SchedulerJobRunner] loc=scheduler_job_runner.py:3244
2026-08-03T00:22:44.095985Z [info     ] Adopting or resetting orphaned tasks for active dag runs [airflow.jobs.scheduler_job_runner.SchedulerJobRunner] loc=scheduler_job_runner.py:3244
2026-08-03T00:27:44.129920Z [info     ] Adopting or resetting orphaned tasks for active dag runs [airflow.jobs.scheduler_job_runner.SchedulerJobRunner] loc=scheduler_job_runner.py:3244
2026-08-03T00:32:44.158397Z [info     ] Adopting or resetting orphaned tasks for active dag runs [airflow.jobs.scheduler_job_runner.SchedulerJobRunner] loc=scheduler_job_runner.py:3244
2026-08-03T00:37:44.191093Z [info     ] Adopting or resetting orphaned tasks for active dag runs [airflow.jobs.scheduler_job_runner.SchedulerJobRunner] loc=scheduler_job_runner.py:3244
2026-08-03T00:42:44.226500Z [info     ] Adopting or resetting orphaned tasks for active dag runs [airflow.jobs.scheduler_job_runner.SchedulerJobRunner] loc=scheduler_job_runner.py:3244
2026-08-03T00:47:44.270681Z [info     ] Adopting or resetting orphaned tasks for active dag runs [airflow.jobs.scheduler_job_runner.SchedulerJobRunner] loc=scheduler_job_runner.py:3244
2026-08-03T00:52:44.310293Z [info     ] Adopting or resetting orphaned tasks for active dag runs [airflow.jobs.scheduler_job_runner.SchedulerJobRunner] loc=scheduler_job_runner.py:3244
2026-08-03T00:57:44.339875Z [info     ] Adopting or resetting orphaned tasks for active dag runs [airflow.jobs.scheduler_job_runner.SchedulerJobRunner] loc=scheduler_job_runner.py:3244
2026-08-03T01:02:44.364490Z [info     ] Adopting or resetting orphaned tasks for active dag runs [airflow.jobs.scheduler_job_runner.SchedulerJobRunner] loc=scheduler_job_runner.py:3244
2026-08-03T01:07:44.393003Z [info     ] Adopting or resetting orphaned tasks for active dag runs [airflow.jobs.scheduler_job_runner.SchedulerJobRunner] loc=scheduler_job_runner.py:3244
Dag run  in running state
Dag information Queued at: 2026-08-03 01:09:37.854698+00:00 version: 2
2026-08-03T01:09:38.391774Z [info     ] 1 tasks up for execution:
	<TaskInstance: marketvol.create_temp_dir manual__2026-08-03T01:09:37.840644+00:00 [scheduled] ti_id=019fc52b-4fe1-7863-84bd-3eb63f894935> [airflow.jobs.scheduler_job_runner.SchedulerJobRunner] loc=scheduler_job_runner.py:719
2026-08-03T01:09:38.392213Z [info     ] DAG marketvol has 0/16 running and queued tasks [airflow.jobs.scheduler_job_runner.SchedulerJobRunner] loc=scheduler_job_runner.py:822
2026-08-03T01:09:38.392821Z [info     ] Setting the following tasks to queued state (scheduler job_id=8):
	<TaskInstance: marketvol.create_temp_dir manual__2026-08-03T01:09:37.840644+00:00 [scheduled] ti_id=019fc52b-4fe1-7863-84bd-3eb63f894935> (id=019fc52b-4fe1-7863-84bd-3eb63f894935, try_number=1) [airflow.jobs.scheduler_job_runner.SchedulerJobRunner] loc=scheduler_job_runner.py:978
2026-08-03T01:09:38.400262Z [info     ] Trying to enqueue tasks: [<TaskInstance: marketvol.create_temp_dir manual__2026-08-03T01:09:37.840644+00:00 [scheduled] ti_id=019fc52b-4fe1-7863-84bd-3eb63f894935>] for executor: CeleryExecutor(parallelism=32) [airflow.jobs.scheduler_job_runner.SchedulerJobRunner] loc=scheduler_job_runner.py:1152
2026-08-03T01:09:38.466107Z [info     ] Received executor event with state queued for task instance TaskInstanceKey(dag_id='marketvol', task_id='create_temp_dir', run_id='manual__2026-08-03T01:09:37.840644+00:00', try_number=1, map_index=-1) [airflow.jobs.scheduler_job_runner.SchedulerJobRunner] loc=scheduler_job_runner.py:1311
2026-08-03T01:09:38.482099Z [info     ] Setting external_executor_id for <TaskInstance: marketvol.create_temp_dir manual__2026-08-03T01:09:37.840644+00:00 [queued] ti_id=019fc52b-4fe1-7863-84bd-3eb63f894935> to 88863dcd-5f9c-414d-a28c-f833e0c58832 [airflow.jobs.scheduler_job_runner.SchedulerJobRunner] loc=scheduler_job_runner.py:1393
2026-08-03T01:09:41.840352Z [info     ] 2 tasks up for execution:
	<TaskInstance: marketvol.download_aapl_data manual__2026-08-03T01:09:37.840644+00:00 [scheduled] ti_id=019fc52b-4fe2-7236-b591-e6400d1ca86f>
	<TaskInstance: marketvol.download_tsla_data manual__2026-08-03T01:09:37.840644+00:00 [scheduled] ti_id=019fc52b-4fe3-7dd7-99b2-539966958472> [airflow.jobs.scheduler_job_runner.SchedulerJobRunner] loc=scheduler_job_runner.py:719
2026-08-03T01:09:41.840700Z [info     ] DAG marketvol has 0/16 running and queued tasks [airflow.jobs.scheduler_job_runner.SchedulerJobRunner] loc=scheduler_job_runner.py:822
2026-08-03T01:09:41.840892Z [info     ] DAG marketvol has 1/16 running and queued tasks [airflow.jobs.scheduler_job_runner.SchedulerJobRunner] loc=scheduler_job_runner.py:822
2026-08-03T01:09:41.841159Z [info     ] Setting the following tasks to queued state (scheduler job_id=8):
	<TaskInstance: marketvol.download_aapl_data manual__2026-08-03T01:09:37.840644+00:00 [scheduled] ti_id=019fc52b-4fe2-7236-b591-e6400d1ca86f> (id=019fc52b-4fe2-7236-b591-e6400d1ca86f, try_number=1)
	<TaskInstance: marketvol.download_tsla_data manual__2026-08-03T01:09:37.840644+00:00 [scheduled] ti_id=019fc52b-4fe3-7dd7-99b2-539966958472> (id=019fc52b-4fe3-7dd7-99b2-539966958472, try_number=1) [airflow.jobs.scheduler_job_runner.SchedulerJobRunner] loc=scheduler_job_runner.py:978
2026-08-03T01:09:41.845141Z [info     ] Trying to enqueue tasks: [<TaskInstance: marketvol.download_aapl_data manual__2026-08-03T01:09:37.840644+00:00 [scheduled] ti_id=019fc52b-4fe2-7236-b591-e6400d1ca86f>, <TaskInstance: marketvol.download_tsla_data manual__2026-08-03T01:09:37.840644+00:00 [scheduled] ti_id=019fc52b-4fe3-7dd7-99b2-539966958472>] for executor: CeleryExecutor(parallelism=32) [airflow.jobs.scheduler_job_runner.SchedulerJobRunner] loc=scheduler_job_runner.py:1152
2026-08-03T01:09:42.124169Z [info     ] Received executor event with state queued for task instance TaskInstanceKey(dag_id='marketvol', task_id='download_aapl_data', run_id='manual__2026-08-03T01:09:37.840644+00:00', try_number=1, map_index=-1) [airflow.jobs.scheduler_job_runner.SchedulerJobRunner] loc=scheduler_job_runner.py:1311
2026-08-03T01:09:42.124498Z [info     ] Received executor event with state queued for task instance TaskInstanceKey(dag_id='marketvol', task_id='download_tsla_data', run_id='manual__2026-08-03T01:09:37.840644+00:00', try_number=1, map_index=-1) [airflow.jobs.scheduler_job_runner.SchedulerJobRunner] loc=scheduler_job_runner.py:1311
2026-08-03T01:09:42.124684Z [info     ] Received executor event with state success for task instance TaskInstanceKey(dag_id='marketvol', task_id='create_temp_dir', run_id='manual__2026-08-03T01:09:37.840644+00:00', try_number=1, map_index=-1) [airflow.jobs.scheduler_job_runner.SchedulerJobRunner] loc=scheduler_job_runner.py:1311
2026-08-03T01:09:42.143948Z [info     ] Setting external_executor_id for <TaskInstance: marketvol.download_aapl_data manual__2026-08-03T01:09:37.840644+00:00 [queued] ti_id=019fc52b-4fe2-7236-b591-e6400d1ca86f> to b9827842-90fc-46fc-ad8d-c209df8fc0d2 [airflow.jobs.scheduler_job_runner.SchedulerJobRunner] loc=scheduler_job_runner.py:1393
2026-08-03T01:09:42.144725Z [info     ] TaskInstance Finished: dag_id=marketvol, task_id=create_temp_dir, run_id=manual__2026-08-03T01:09:37.840644+00:00, map_index=-1, ti_id=019fc52b-4fe1-7863-84bd-3eb63f894935, run_start_date=2026-08-03 01:09:38.803782+00:00, run_end_date=2026-08-03 01:09:40.741081+00:00, run_duration=1.937299, state=success, executor=CeleryExecutor(parallelism=32), executor_state=success, try_number=1, max_tries=2, pool=default_pool, queue=default, priority_weight=6, operator=BashOperator, queued_dttm=2026-08-03 01:09:38.394031+00:00, scheduled_dttm=2026-08-03 01:09:38.360689+00:00,queued_by_job_id=8, pid=2993 [airflow.jobs.scheduler_job_runner.SchedulerJobRunner] loc=scheduler_job_runner.py:1403
2026-08-03T01:09:45.700203Z [info     ] 2 tasks up for execution:
	<TaskInstance: marketvol.move_aapl_data manual__2026-08-03T01:09:37.840644+00:00 [scheduled] ti_id=019fc52b-4fe4-7c7f-a9af-e4555dbec0c7>
	<TaskInstance: marketvol.move_tsla_data manual__2026-08-03T01:09:37.840644+00:00 [scheduled] ti_id=019fc52b-4fe5-777f-afad-ed3ff16e8f5f> [airflow.jobs.scheduler_job_runner.SchedulerJobRunner] loc=scheduler_job_runner.py:719
2026-08-03T01:09:45.701001Z [info     ] DAG marketvol has 0/16 running and queued tasks [airflow.jobs.scheduler_job_runner.SchedulerJobRunner] loc=scheduler_job_runner.py:822
2026-08-03T01:09:45.701597Z [info     ] DAG marketvol has 1/16 running and queued tasks [airflow.jobs.scheduler_job_runner.SchedulerJobRunner] loc=scheduler_job_runner.py:822
2026-08-03T01:09:45.702177Z [info     ] Setting the following tasks to queued state (scheduler job_id=8):
	<TaskInstance: marketvol.move_aapl_data manual__2026-08-03T01:09:37.840644+00:00 [scheduled] ti_id=019fc52b-4fe4-7c7f-a9af-e4555dbec0c7> (id=019fc52b-4fe4-7c7f-a9af-e4555dbec0c7, try_number=1)
	<TaskInstance: marketvol.move_tsla_data manual__2026-08-03T01:09:37.840644+00:00 [scheduled] ti_id=019fc52b-4fe5-777f-afad-ed3ff16e8f5f> (id=019fc52b-4fe5-777f-afad-ed3ff16e8f5f, try_number=1) [airflow.jobs.scheduler_job_runner.SchedulerJobRunner] loc=scheduler_job_runner.py:978
2026-08-03T01:09:45.705971Z [info     ] Trying to enqueue tasks: [<TaskInstance: marketvol.move_aapl_data manual__2026-08-03T01:09:37.840644+00:00 [scheduled] ti_id=019fc52b-4fe4-7c7f-a9af-e4555dbec0c7>, <TaskInstance: marketvol.move_tsla_data manual__2026-08-03T01:09:37.840644+00:00 [scheduled] ti_id=019fc52b-4fe5-777f-afad-ed3ff16e8f5f>] for executor: CeleryExecutor(parallelism=32) [airflow.jobs.scheduler_job_runner.SchedulerJobRunner] loc=scheduler_job_runner.py:1152
2026-08-03T01:09:45.925468Z [info     ] Received executor event with state queued for task instance TaskInstanceKey(dag_id='marketvol', task_id='move_aapl_data', run_id='manual__2026-08-03T01:09:37.840644+00:00', try_number=1, map_index=-1) [airflow.jobs.scheduler_job_runner.SchedulerJobRunner] loc=scheduler_job_runner.py:1311
2026-08-03T01:09:45.925969Z [info     ] Received executor event with state queued for task instance TaskInstanceKey(dag_id='marketvol', task_id='move_tsla_data', run_id='manual__2026-08-03T01:09:37.840644+00:00', try_number=1, map_index=-1) [airflow.jobs.scheduler_job_runner.SchedulerJobRunner] loc=scheduler_job_runner.py:1311
2026-08-03T01:09:45.926221Z [info     ] Received executor event with state success for task instance TaskInstanceKey(dag_id='marketvol', task_id='download_aapl_data', run_id='manual__2026-08-03T01:09:37.840644+00:00', try_number=1, map_index=-1) [airflow.jobs.scheduler_job_runner.SchedulerJobRunner] loc=scheduler_job_runner.py:1311
2026-08-03T01:09:45.926495Z [info     ] Received executor event with state success for task instance TaskInstanceKey(dag_id='marketvol', task_id='download_tsla_data', run_id='manual__2026-08-03T01:09:37.840644+00:00', try_number=1, map_index=-1) [airflow.jobs.scheduler_job_runner.SchedulerJobRunner] loc=scheduler_job_runner.py:1311
2026-08-03T01:09:45.945767Z [info     ] TaskInstance Finished: dag_id=marketvol, task_id=download_tsla_data, run_id=manual__2026-08-03T01:09:37.840644+00:00, map_index=-1, ti_id=019fc52b-4fe3-7dd7-99b2-539966958472, run_start_date=2026-08-03 01:09:42.019747+00:00, run_end_date=2026-08-03 01:09:45.354494+00:00, run_duration=3.334747, state=success, executor=CeleryExecutor(parallelism=32), executor_state=success, try_number=1, max_tries=2, pool=default_pool, queue=default, priority_weight=3, operator=PythonOperator, queued_dttm=2026-08-03 01:09:41.841846+00:00, scheduled_dttm=2026-08-03 01:09:41.816197+00:00,queued_by_job_id=8, pid=2996 [airflow.jobs.scheduler_job_runner.SchedulerJobRunner] loc=scheduler_job_runner.py:1403
2026-08-03T01:09:45.946249Z [info     ] TaskInstance Finished: dag_id=marketvol, task_id=download_aapl_data, run_id=manual__2026-08-03T01:09:37.840644+00:00, map_index=-1, ti_id=019fc52b-4fe2-7236-b591-e6400d1ca86f, run_start_date=2026-08-03 01:09:42.921258+00:00, run_end_date=2026-08-03 01:09:45.347070+00:00, run_duration=2.425812, state=success, executor=CeleryExecutor(parallelism=32), executor_state=success, try_number=1, max_tries=2, pool=default_pool, queue=default, priority_weight=3, operator=PythonOperator, queued_dttm=2026-08-03 01:09:41.841846+00:00, scheduled_dttm=2026-08-03 01:09:41.816197+00:00,queued_by_job_id=8, pid=2998 [airflow.jobs.scheduler_job_runner.SchedulerJobRunner] loc=scheduler_job_runner.py:1403
2026-08-03T01:09:48.656209Z [info     ] 1 tasks up for execution:
	<TaskInstance: marketvol.run_market_query manual__2026-08-03T01:09:37.840644+00:00 [scheduled] ti_id=019fc52b-4fe6-7ae8-9130-be6672ab68af> [airflow.jobs.scheduler_job_runner.SchedulerJobRunner] loc=scheduler_job_runner.py:719
2026-08-03T01:09:48.656689Z [info     ] DAG marketvol has 0/16 running and queued tasks [airflow.jobs.scheduler_job_runner.SchedulerJobRunner] loc=scheduler_job_runner.py:822
2026-08-03T01:09:48.657164Z [info     ] Setting the following tasks to queued state (scheduler job_id=8):
	<TaskInstance: marketvol.run_market_query manual__2026-08-03T01:09:37.840644+00:00 [scheduled] ti_id=019fc52b-4fe6-7ae8-9130-be6672ab68af> (id=019fc52b-4fe6-7ae8-9130-be6672ab68af, try_number=1) [airflow.jobs.scheduler_job_runner.SchedulerJobRunner] loc=scheduler_job_runner.py:978
2026-08-03T01:09:48.661278Z [info     ] Trying to enqueue tasks: [<TaskInstance: marketvol.run_market_query manual__2026-08-03T01:09:37.840644+00:00 [scheduled] ti_id=019fc52b-4fe6-7ae8-9130-be6672ab68af>] for executor: CeleryExecutor(parallelism=32) [airflow.jobs.scheduler_job_runner.SchedulerJobRunner] loc=scheduler_job_runner.py:1152
2026-08-03T01:09:48.700066Z [info     ] Received executor event with state queued for task instance TaskInstanceKey(dag_id='marketvol', task_id='run_market_query', run_id='manual__2026-08-03T01:09:37.840644+00:00', try_number=1, map_index=-1) [airflow.jobs.scheduler_job_runner.SchedulerJobRunner] loc=scheduler_job_runner.py:1311
2026-08-03T01:09:48.700340Z [info     ] Received executor event with state success for task instance TaskInstanceKey(dag_id='marketvol', task_id='move_tsla_data', run_id='manual__2026-08-03T01:09:37.840644+00:00', try_number=1, map_index=-1) [airflow.jobs.scheduler_job_runner.SchedulerJobRunner] loc=scheduler_job_runner.py:1311
2026-08-03T01:09:48.723505Z [info     ] Setting external_executor_id for <TaskInstance: marketvol.run_market_query manual__2026-08-03T01:09:37.840644+00:00 [queued] ti_id=019fc52b-4fe6-7ae8-9130-be6672ab68af> to 67b67471-d1df-4718-ab21-fefc9d11e261 [airflow.jobs.scheduler_job_runner.SchedulerJobRunner] loc=scheduler_job_runner.py:1393
2026-08-03T01:09:48.724477Z [info     ] TaskInstance Finished: dag_id=marketvol, task_id=move_tsla_data, run_id=manual__2026-08-03T01:09:37.840644+00:00, map_index=-1, ti_id=019fc52b-4fe5-777f-afad-ed3ff16e8f5f, run_start_date=2026-08-03 01:09:45.862026+00:00, run_end_date=2026-08-03 01:09:47.490856+00:00, run_duration=1.62883, state=success, executor=CeleryExecutor(parallelism=32), executor_state=success, try_number=1, max_tries=2, pool=default_pool, queue=default, priority_weight=2, operator=BashOperator, queued_dttm=2026-08-03 01:09:45.703123+00:00, scheduled_dttm=2026-08-03 01:09:45.675643+00:00,queued_by_job_id=8, pid=3013 [airflow.jobs.scheduler_job_runner.SchedulerJobRunner] loc=scheduler_job_runner.py:1403
2026-08-03T01:09:49.980295Z [info     ] Marking run <DagRun marketvol @ 2026-08-03 01:09:33+00:00: manual__2026-08-03T01:09:37.840644+00:00, state:running, queued_at: 2026-08-03 01:09:37.854698+00:00. run_type: manual> successful [airflow.models.dagrun.DagRun] loc=dagrun.py:1249
Dag run in success state
Dag run start:2026-08-03 01:09:38.282659+00:00 end:2026-08-03 01:09:49.980618+00:00
2026-08-03T01:09:49.981150Z [info     ] DagRun Finished: dag_id=marketvol, logical_date=2026-08-03 01:09:33+00:00, run_id=manual__2026-08-03T01:09:37.840644+00:00, run_start_date=2026-08-03 01:09:38.282659+00:00, run_end_date=2026-08-03 01:09:49.980618+00:00, run_duration=11.697959, state=success, run_type=manual, data_interval_start=2026-08-03 01:09:33+00:00, data_interval_end=2026-08-03 01:09:33+00:00, [airflow.models.dagrun.DagRun] loc=dagrun.py:1315
2026-08-03T01:09:50.055043Z [info     ] Received executor event with state success for task instance TaskInstanceKey(dag_id='marketvol', task_id='run_market_query', run_id='manual__2026-08-03T01:09:37.840644+00:00', try_number=1, map_index=-1) [airflow.jobs.scheduler_job_runner.SchedulerJobRunner] loc=scheduler_job_runner.py:1311
2026-08-03T01:09:50.068425Z [info     ] TaskInstance Finished: dag_id=marketvol, task_id=run_market_query, run_id=manual__2026-08-03T01:09:37.840644+00:00, map_index=-1, ti_id=019fc52b-4fe6-7ae8-9130-be6672ab68af, run_start_date=2026-08-03 01:09:48.715457+00:00, run_end_date=2026-08-03 01:09:49.834971+00:00, run_duration=1.119514, state=success, executor=CeleryExecutor(parallelism=32), executor_state=success, try_number=1, max_tries=2, pool=default_pool, queue=default, priority_weight=1, operator=PythonOperator, queued_dttm=2026-08-03 01:09:48.657943+00:00, scheduled_dttm=2026-08-03 01:09:48.610050+00:00,queued_by_job_id=8, pid=3022 [airflow.jobs.scheduler_job_runner.SchedulerJobRunner] loc=scheduler_job_runner.py:1403
2026-08-03T01:09:53.323454Z [info     ] Received executor event with state success for task instance TaskInstanceKey(dag_id='marketvol', task_id='move_aapl_data', run_id='manual__2026-08-03T01:09:37.840644+00:00', try_number=1, map_index=-1) [airflow.jobs.scheduler_job_runner.SchedulerJobRunner] loc=scheduler_job_runner.py:1311
2026-08-03T01:09:53.333481Z [info     ] TaskInstance Finished: dag_id=marketvol, task_id=move_aapl_data, run_id=manual__2026-08-03T01:09:37.840644+00:00, map_index=-1, ti_id=019fc52b-4fe4-7c7f-a9af-e4555dbec0c7, run_start_date=2026-08-03 01:09:45.856936+00:00, run_end_date=2026-08-03 01:09:47.390383+00:00, run_duration=1.533447, state=success, executor=CeleryExecutor(parallelism=32), executor_state=success, try_number=1, max_tries=2, pool=default_pool, queue=default, priority_weight=2, operator=BashOperator, queued_dttm=2026-08-03 01:09:45.703123+00:00, scheduled_dttm=2026-08-03 01:09:45.675643+00:00,queued_by_job_id=8, pid=3012 [airflow.jobs.scheduler_job_runner.SchedulerJobRunner] loc=scheduler_job_runner.py:1403
2026-08-03T01:12:44.415931Z [info     ] Adopting or resetting orphaned tasks for active dag runs [airflow.jobs.scheduler_job_runner.SchedulerJobRunner] loc=scheduler_job_runner.py:3244
2026-08-03T01:17:44.454728Z [info     ] Adopting or resetting orphaned tasks for active dag runs [airflow.jobs.scheduler_job_runner.SchedulerJobRunner] loc=scheduler_job_runner.py:3244
2026-08-03T01:22:44.503420Z [info     ] Adopting or resetting orphaned tasks for active dag runs [airflow.jobs.scheduler_job_runner.SchedulerJobRunner] loc=scheduler_job_runner.py:3244
2026-08-03T01:27:44.531973Z [info     ] Adopting or resetting orphaned tasks for active dag runs [airflow.jobs.scheduler_job_runner.SchedulerJobRunner] loc=scheduler_job_runner.py:3244
2026-08-03T01:32:44.563175Z [info     ] Adopting or resetting orphaned tasks for active dag runs [airflow.jobs.scheduler_job_runner.SchedulerJobRunner] loc=scheduler_job_runner.py:3244
2026-08-03T01:37:44.600310Z [info     ] Adopting or resetting orphaned tasks for active dag runs [airflow.jobs.scheduler_job_runner.SchedulerJobRunner] loc=scheduler_job_runner.py:3244
2026-08-03T01:42:44.628242Z [info     ] Adopting or resetting orphaned tasks for active dag runs [airflow.jobs.scheduler_job_runner.SchedulerJobRunner] loc=scheduler_job_runner.py:3244
2026-08-03T01:47:44.650869Z [info     ] Adopting or resetting orphaned tasks for active dag runs [airflow.jobs.scheduler_job_runner.SchedulerJobRunner] loc=scheduler_job_runner.py:3244
2026-08-03T01:52:44.672978Z [info     ] Adopting or resetting orphaned tasks for active dag runs [airflow.jobs.scheduler_job_runner.SchedulerJobRunner] loc=scheduler_job_runner.py:3244
2026-08-03T01:57:44.709532Z [info     ] Adopting or resetting orphaned tasks for active dag runs [airflow.jobs.scheduler_job_runner.SchedulerJobRunner] loc=scheduler_job_runner.py:3244
2026-08-03T02:02:44.740292Z [info     ] Adopting or resetting orphaned tasks for active dag runs [airflow.jobs.scheduler_job_runner.SchedulerJobRunner] loc=scheduler_job_runner.py:3244
2026-08-03T02:07:44.760342Z [info     ] Adopting or resetting orphaned tasks for active dag runs [airflow.jobs.scheduler_job_runner.SchedulerJobRunner] loc=scheduler_job_runner.py:3244
2026-08-03T02:12:44.790167Z [info     ] Adopting or resetting orphaned tasks for active dag runs [airflow.jobs.scheduler_job_runner.SchedulerJobRunner] loc=scheduler_job_runner.py:3244
2026-08-03T02:17:44.838922Z [info     ] Adopting or resetting orphaned tasks for active dag runs [airflow.jobs.scheduler_job_runner.SchedulerJobRunner] loc=scheduler_job_runner.py:3244
2026-08-03T02:22:44.870320Z [info     ] Adopting or resetting orphaned tasks for active dag runs [airflow.jobs.scheduler_job_runner.SchedulerJobRunner] loc=scheduler_job_runner.py:3244
2026-08-03T02:27:44.897474Z [info     ] Adopting or resetting orphaned tasks for active dag runs [airflow.jobs.scheduler_job_runner.SchedulerJobRunner] loc=scheduler_job_runner.py:3244
2026-08-03T02:32:44.928273Z [info     ] Adopting or resetting orphaned tasks for active dag runs [airflow.jobs.scheduler_job_runner.SchedulerJobRunner] loc=scheduler_job_runner.py:3244
2026-08-03T02:37:44.965510Z [info     ] Adopting or resetting orphaned tasks for active dag runs [airflow.jobs.scheduler_job_runner.SchedulerJobRunner] loc=scheduler_job_runner.py:3244
2026-08-03T02:42:45.001287Z [info     ] Adopting or resetting orphaned tasks for active dag runs [airflow.jobs.scheduler_job_runner.SchedulerJobRunner] loc=scheduler_job_runner.py:3244
2026-08-03T02:47:45.038232Z [info     ] Adopting or resetting orphaned tasks for active dag runs [airflow.jobs.scheduler_job_runner.SchedulerJobRunner] loc=scheduler_job_runner.py:3244
2026-08-03T02:52:45.050898Z [info     ] Adopting or resetting orphaned tasks for active dag runs [airflow.jobs.scheduler_job_runner.SchedulerJobRunner] loc=scheduler_job_runner.py:3244
2026-08-03T22:06:30.541723Z [info     ] Heartbeat recovered after 69079.71 seconds [airflow.jobs.job.Job] loc=job.py:239
2026-08-03T22:06:31.615783Z [info     ] creating dag run               [airflow.serialization.definitions.dag] loc=dag.py:607 logical_date=DateTime(2026, 8, 3, 18, 0, 0, tzinfo=Timezone('UTC')) partition_key=None run_after=DateTime(2026, 8, 3, 18, 0, 0, tzinfo=Timezone('UTC')) run_id=scheduled__2026-08-03T18:00:00+00:00
2026-08-03T22:06:31.856459Z [info     ] get next_dagrun_info_v2        [airflow.serialization.definitions.dag] last_automated_run_info=DagRunInfo(run_after=DateTime(2026, 8, 3, 18, 0, 0, tzinfo=Timezone('UTC')), data_interval=DataInterval(start=DateTime(2026, 8, 3, 18, 0, 0, tzinfo=Timezone('UTC')), end=DateTime(2026, 8, 3, 18, 0, 0, tzinfo=Timezone('UTC'))), partition_date=None, partition_key=None) loc=dag.py:445 next_info=DagRunInfo(run_after=DateTime(2026, 8, 4, 18, 0, 0, tzinfo=Timezone('UTC')), data_interval=DataInterval(start=DateTime(2026, 8, 4, 18, 0, 0, tzinfo=Timezone('UTC')), end=DateTime(2026, 8, 4, 18, 0, 0, tzinfo=Timezone('UTC'))), partition_date=None, partition_key=None)
2026-08-03T22:06:31.857626Z [info     ] setting next dagrun info       [airflow.models.dag] loc=dag.py:848 next_dagrun='2026-08-04 18:00:00+00:00' next_dagrun_create_after='2026-08-04 18:00:00+00:00' next_dagrun_data_interval_end='2026-08-04 18:00:00+00:00' next_dagrun_data_interval_start='2026-08-04 18:00:00+00:00' next_dagrun_partition_date=None next_dagrun_partition_key=None
Dag run  in running state
Dag information Queued at: 2026-08-03 22:06:31.680195+00:00 version: 2
2026-08-03T22:06:32.566361Z [info     ] 1 tasks up for execution:
	<TaskInstance: marketvol.create_temp_dir scheduled__2026-08-03T18:00:00+00:00 [scheduled] ti_id=019fc9aa-095e-764f-a008-b3b2eeecab39> [airflow.jobs.scheduler_job_runner.SchedulerJobRunner] loc=scheduler_job_runner.py:719
2026-08-03T22:06:32.566577Z [info     ] DAG marketvol has 0/16 running and queued tasks [airflow.jobs.scheduler_job_runner.SchedulerJobRunner] loc=scheduler_job_runner.py:822
2026-08-03T22:06:32.566888Z [info     ] Setting the following tasks to queued state (scheduler job_id=8):
	<TaskInstance: marketvol.create_temp_dir scheduled__2026-08-03T18:00:00+00:00 [scheduled] ti_id=019fc9aa-095e-764f-a008-b3b2eeecab39> (id=019fc9aa-095e-764f-a008-b3b2eeecab39, try_number=1) [airflow.jobs.scheduler_job_runner.SchedulerJobRunner] loc=scheduler_job_runner.py:978
2026-08-03T22:06:32.580521Z [info     ] Trying to enqueue tasks: [<TaskInstance: marketvol.create_temp_dir scheduled__2026-08-03T18:00:00+00:00 [scheduled] ti_id=019fc9aa-095e-764f-a008-b3b2eeecab39>] for executor: CeleryExecutor(parallelism=32) [airflow.jobs.scheduler_job_runner.SchedulerJobRunner] loc=scheduler_job_runner.py:1152
2026-08-03T22:06:32.658922Z [info     ] Received executor event with state queued for task instance TaskInstanceKey(dag_id='marketvol', task_id='create_temp_dir', run_id='scheduled__2026-08-03T18:00:00+00:00', try_number=1, map_index=-1) [airflow.jobs.scheduler_job_runner.SchedulerJobRunner] loc=scheduler_job_runner.py:1311
2026-08-03T22:06:32.697998Z [info     ] Setting external_executor_id for <TaskInstance: marketvol.create_temp_dir scheduled__2026-08-03T18:00:00+00:00 [queued] ti_id=019fc9aa-095e-764f-a008-b3b2eeecab39> to cb3b32e6-4656-4cd0-a5cc-df6f4b324a2c [airflow.jobs.scheduler_job_runner.SchedulerJobRunner] loc=scheduler_job_runner.py:1393
2026-08-03T22:06:36.251777Z [info     ] 2 tasks up for execution:
	<TaskInstance: marketvol.download_aapl_data scheduled__2026-08-03T18:00:00+00:00 [scheduled] ti_id=019fc9aa-095f-77e6-8327-7e951d25255a>
	<TaskInstance: marketvol.download_tsla_data scheduled__2026-08-03T18:00:00+00:00 [scheduled] ti_id=019fc9aa-0960-7afe-9ded-b9952a33d913> [airflow.jobs.scheduler_job_runner.SchedulerJobRunner] loc=scheduler_job_runner.py:719
2026-08-03T22:06:36.252083Z [info     ] DAG marketvol has 0/16 running and queued tasks [airflow.jobs.scheduler_job_runner.SchedulerJobRunner] loc=scheduler_job_runner.py:822
2026-08-03T22:06:36.252266Z [info     ] DAG marketvol has 1/16 running and queued tasks [airflow.jobs.scheduler_job_runner.SchedulerJobRunner] loc=scheduler_job_runner.py:822
2026-08-03T22:06:36.252511Z [info     ] Setting the following tasks to queued state (scheduler job_id=8):
	<TaskInstance: marketvol.download_aapl_data scheduled__2026-08-03T18:00:00+00:00 [scheduled] ti_id=019fc9aa-095f-77e6-8327-7e951d25255a> (id=019fc9aa-095f-77e6-8327-7e951d25255a, try_number=1)
	<TaskInstance: marketvol.download_tsla_data scheduled__2026-08-03T18:00:00+00:00 [scheduled] ti_id=019fc9aa-0960-7afe-9ded-b9952a33d913> (id=019fc9aa-0960-7afe-9ded-b9952a33d913, try_number=1) [airflow.jobs.scheduler_job_runner.SchedulerJobRunner] loc=scheduler_job_runner.py:978
2026-08-03T22:06:36.255603Z [info     ] Trying to enqueue tasks: [<TaskInstance: marketvol.download_aapl_data scheduled__2026-08-03T18:00:00+00:00 [scheduled] ti_id=019fc9aa-095f-77e6-8327-7e951d25255a>, <TaskInstance: marketvol.download_tsla_data scheduled__2026-08-03T18:00:00+00:00 [scheduled] ti_id=019fc9aa-0960-7afe-9ded-b9952a33d913>] for executor: CeleryExecutor(parallelism=32) [airflow.jobs.scheduler_job_runner.SchedulerJobRunner] loc=scheduler_job_runner.py:1152
2026-08-03T22:06:36.452347Z [info     ] Received executor event with state queued for task instance TaskInstanceKey(dag_id='marketvol', task_id='download_aapl_data', run_id='scheduled__2026-08-03T18:00:00+00:00', try_number=1, map_index=-1) [airflow.jobs.scheduler_job_runner.SchedulerJobRunner] loc=scheduler_job_runner.py:1311
2026-08-03T22:06:36.452849Z [info     ] Received executor event with state queued for task instance TaskInstanceKey(dag_id='marketvol', task_id='download_tsla_data', run_id='scheduled__2026-08-03T18:00:00+00:00', try_number=1, map_index=-1) [airflow.jobs.scheduler_job_runner.SchedulerJobRunner] loc=scheduler_job_runner.py:1311
2026-08-03T22:06:36.453166Z [info     ] Received executor event with state success for task instance TaskInstanceKey(dag_id='marketvol', task_id='create_temp_dir', run_id='scheduled__2026-08-03T18:00:00+00:00', try_number=1, map_index=-1) [airflow.jobs.scheduler_job_runner.SchedulerJobRunner] loc=scheduler_job_runner.py:1311
2026-08-03T22:06:36.465236Z [info     ] TaskInstance Finished: dag_id=marketvol, task_id=create_temp_dir, run_id=scheduled__2026-08-03T18:00:00+00:00, map_index=-1, ti_id=019fc9aa-095e-764f-a008-b3b2eeecab39, run_start_date=2026-08-03 22:06:33.037515+00:00, run_end_date=2026-08-03 22:06:35.674383+00:00, run_duration=2.636868, state=success, executor=CeleryExecutor(parallelism=32), executor_state=success, try_number=1, max_tries=2, pool=default_pool, queue=default, priority_weight=6, operator=BashOperator, queued_dttm=2026-08-03 22:06:32.567571+00:00, scheduled_dttm=2026-08-03 22:06:32.467109+00:00,queued_by_job_id=8, pid=4353 [airflow.jobs.scheduler_job_runner.SchedulerJobRunner] loc=scheduler_job_runner.py:1403
2026-08-03T22:06:49.093426Z [info     ] 2 tasks up for execution:
	<TaskInstance: marketvol.move_aapl_data scheduled__2026-08-03T18:00:00+00:00 [scheduled] ti_id=019fc9aa-0966-7974-ace4-89b2eacf36fa>
	<TaskInstance: marketvol.move_tsla_data scheduled__2026-08-03T18:00:00+00:00 [scheduled] ti_id=019fc9aa-0967-79fc-b039-827582bc5e29> [airflow.jobs.scheduler_job_runner.SchedulerJobRunner] loc=scheduler_job_runner.py:719
2026-08-03T22:06:49.093712Z [info     ] DAG marketvol has 0/16 running and queued tasks [airflow.jobs.scheduler_job_runner.SchedulerJobRunner] loc=scheduler_job_runner.py:822
2026-08-03T22:06:49.093910Z [info     ] DAG marketvol has 1/16 running and queued tasks [airflow.jobs.scheduler_job_runner.SchedulerJobRunner] loc=scheduler_job_runner.py:822
2026-08-03T22:06:49.094253Z [info     ] Setting the following tasks to queued state (scheduler job_id=8):
	<TaskInstance: marketvol.move_aapl_data scheduled__2026-08-03T18:00:00+00:00 [scheduled] ti_id=019fc9aa-0966-7974-ace4-89b2eacf36fa> (id=019fc9aa-0966-7974-ace4-89b2eacf36fa, try_number=1)
	<TaskInstance: marketvol.move_tsla_data scheduled__2026-08-03T18:00:00+00:00 [scheduled] ti_id=019fc9aa-0967-79fc-b039-827582bc5e29> (id=019fc9aa-0967-79fc-b039-827582bc5e29, try_number=1) [airflow.jobs.scheduler_job_runner.SchedulerJobRunner] loc=scheduler_job_runner.py:978
2026-08-03T22:06:49.097290Z [info     ] Trying to enqueue tasks: [<TaskInstance: marketvol.move_aapl_data scheduled__2026-08-03T18:00:00+00:00 [scheduled] ti_id=019fc9aa-0966-7974-ace4-89b2eacf36fa>, <TaskInstance: marketvol.move_tsla_data scheduled__2026-08-03T18:00:00+00:00 [scheduled] ti_id=019fc9aa-0967-79fc-b039-827582bc5e29>] for executor: CeleryExecutor(parallelism=32) [airflow.jobs.scheduler_job_runner.SchedulerJobRunner] loc=scheduler_job_runner.py:1152
2026-08-03T22:06:49.295417Z [info     ] Received executor event with state queued for task instance TaskInstanceKey(dag_id='marketvol', task_id='move_aapl_data', run_id='scheduled__2026-08-03T18:00:00+00:00', try_number=1, map_index=-1) [airflow.jobs.scheduler_job_runner.SchedulerJobRunner] loc=scheduler_job_runner.py:1311
2026-08-03T22:06:49.295838Z [info     ] Received executor event with state queued for task instance TaskInstanceKey(dag_id='marketvol', task_id='move_tsla_data', run_id='scheduled__2026-08-03T18:00:00+00:00', try_number=1, map_index=-1) [airflow.jobs.scheduler_job_runner.SchedulerJobRunner] loc=scheduler_job_runner.py:1311
2026-08-03T22:06:49.296034Z [info     ] Received executor event with state success for task instance TaskInstanceKey(dag_id='marketvol', task_id='download_aapl_data', run_id='scheduled__2026-08-03T18:00:00+00:00', try_number=1, map_index=-1) [airflow.jobs.scheduler_job_runner.SchedulerJobRunner] loc=scheduler_job_runner.py:1311
2026-08-03T22:06:49.296247Z [info     ] Received executor event with state success for task instance TaskInstanceKey(dag_id='marketvol', task_id='download_tsla_data', run_id='scheduled__2026-08-03T18:00:00+00:00', try_number=1, map_index=-1) [airflow.jobs.scheduler_job_runner.SchedulerJobRunner] loc=scheduler_job_runner.py:1311
2026-08-03T22:06:49.316381Z [info     ] Setting external_executor_id for <TaskInstance: marketvol.move_tsla_data scheduled__2026-08-03T18:00:00+00:00 [running] ti_id=019fc9aa-0967-79fc-b039-827582bc5e29> to 0f196b58-1b69-4035-b2a1-f12ca2ba7be1 [airflow.jobs.scheduler_job_runner.SchedulerJobRunner] loc=scheduler_job_runner.py:1393
2026-08-03T22:06:49.316687Z [info     ] Setting external_executor_id for <TaskInstance: marketvol.move_aapl_data scheduled__2026-08-03T18:00:00+00:00 [running] ti_id=019fc9aa-0966-7974-ace4-89b2eacf36fa> to 9b34e2da-13dc-4315-9e07-0f99e54e3169 [airflow.jobs.scheduler_job_runner.SchedulerJobRunner] loc=scheduler_job_runner.py:1393
2026-08-03T22:06:49.316909Z [info     ] TaskInstance Finished: dag_id=marketvol, task_id=download_tsla_data, run_id=scheduled__2026-08-03T18:00:00+00:00, map_index=-1, ti_id=019fc9aa-0960-7afe-9ded-b9952a33d913, run_start_date=2026-08-03 22:06:36.369430+00:00, run_end_date=2026-08-03 22:06:48.945492+00:00, run_duration=12.576062, state=success, executor=CeleryExecutor(parallelism=32), executor_state=success, try_number=1, max_tries=2, pool=default_pool, queue=default, priority_weight=3, operator=PythonOperator, queued_dttm=2026-08-03 22:06:36.253071+00:00, scheduled_dttm=2026-08-03 22:06:36.220512+00:00,queued_by_job_id=8, pid=4356 [airflow.jobs.scheduler_job_runner.SchedulerJobRunner] loc=scheduler_job_runner.py:1403
2026-08-03T22:06:49.317101Z [info     ] TaskInstance Finished: dag_id=marketvol, task_id=download_aapl_data, run_id=scheduled__2026-08-03T18:00:00+00:00, map_index=-1, ti_id=019fc9aa-095f-77e6-8327-7e951d25255a, run_start_date=2026-08-03 22:06:36.377501+00:00, run_end_date=2026-08-03 22:06:48.941520+00:00, run_duration=12.564019, state=success, executor=CeleryExecutor(parallelism=32), executor_state=success, try_number=1, max_tries=2, pool=default_pool, queue=default, priority_weight=3, operator=PythonOperator, queued_dttm=2026-08-03 22:06:36.253071+00:00, scheduled_dttm=2026-08-03 22:06:36.220512+00:00,queued_by_job_id=8, pid=4357 [airflow.jobs.scheduler_job_runner.SchedulerJobRunner] loc=scheduler_job_runner.py:1403
2026-08-03T22:06:50.632102Z [info     ] 1 tasks up for execution:
	<TaskInstance: marketvol.run_market_query scheduled__2026-08-03T18:00:00+00:00 [scheduled] ti_id=019fc9aa-0968-7f13-a4d6-3219d4293ee7> [airflow.jobs.scheduler_job_runner.SchedulerJobRunner] loc=scheduler_job_runner.py:719
2026-08-03T22:06:50.632346Z [info     ] DAG marketvol has 0/16 running and queued tasks [airflow.jobs.scheduler_job_runner.SchedulerJobRunner] loc=scheduler_job_runner.py:822
2026-08-03T22:06:50.632611Z [info     ] Setting the following tasks to queued state (scheduler job_id=8):
	<TaskInstance: marketvol.run_market_query scheduled__2026-08-03T18:00:00+00:00 [scheduled] ti_id=019fc9aa-0968-7f13-a4d6-3219d4293ee7> (id=019fc9aa-0968-7f13-a4d6-3219d4293ee7, try_number=1) [airflow.jobs.scheduler_job_runner.SchedulerJobRunner] loc=scheduler_job_runner.py:978
2026-08-03T22:06:50.634946Z [info     ] Trying to enqueue tasks: [<TaskInstance: marketvol.run_market_query scheduled__2026-08-03T18:00:00+00:00 [scheduled] ti_id=019fc9aa-0968-7f13-a4d6-3219d4293ee7>] for executor: CeleryExecutor(parallelism=32) [airflow.jobs.scheduler_job_runner.SchedulerJobRunner] loc=scheduler_job_runner.py:1152
2026-08-03T22:06:50.662662Z [info     ] Received executor event with state queued for task instance TaskInstanceKey(dag_id='marketvol', task_id='run_market_query', run_id='scheduled__2026-08-03T18:00:00+00:00', try_number=1, map_index=-1) [airflow.jobs.scheduler_job_runner.SchedulerJobRunner] loc=scheduler_job_runner.py:1311
2026-08-03T22:06:50.662940Z [info     ] Received executor event with state success for task instance TaskInstanceKey(dag_id='marketvol', task_id='move_aapl_data', run_id='scheduled__2026-08-03T18:00:00+00:00', try_number=1, map_index=-1) [airflow.jobs.scheduler_job_runner.SchedulerJobRunner] loc=scheduler_job_runner.py:1311
2026-08-03T22:06:50.663395Z [info     ] Received executor event with state success for task instance TaskInstanceKey(dag_id='marketvol', task_id='move_tsla_data', run_id='scheduled__2026-08-03T18:00:00+00:00', try_number=1, map_index=-1) [airflow.jobs.scheduler_job_runner.SchedulerJobRunner] loc=scheduler_job_runner.py:1311
2026-08-03T22:06:50.676609Z [info     ] Setting external_executor_id for <TaskInstance: marketvol.run_market_query scheduled__2026-08-03T18:00:00+00:00 [queued] ti_id=019fc9aa-0968-7f13-a4d6-3219d4293ee7> to 3cb6f581-c358-432f-8c49-91c42a98de4d [airflow.jobs.scheduler_job_runner.SchedulerJobRunner] loc=scheduler_job_runner.py:1393
2026-08-03T22:06:50.676940Z [info     ] TaskInstance Finished: dag_id=marketvol, task_id=move_tsla_data, run_id=scheduled__2026-08-03T18:00:00+00:00, map_index=-1, ti_id=019fc9aa-0967-79fc-b039-827582bc5e29, run_start_date=2026-08-03 22:06:49.193610+00:00, run_end_date=2026-08-03 22:06:50.486379+00:00, run_duration=1.292769, state=success, executor=CeleryExecutor(parallelism=32), executor_state=success, try_number=1, max_tries=2, pool=default_pool, queue=default, priority_weight=2, operator=BashOperator, queued_dttm=2026-08-03 22:06:49.094819+00:00, scheduled_dttm=2026-08-03 22:06:49.067324+00:00,queued_by_job_id=8, pid=4367 [airflow.jobs.scheduler_job_runner.SchedulerJobRunner] loc=scheduler_job_runner.py:1403
2026-08-03T22:06:50.677317Z [info     ] TaskInstance Finished: dag_id=marketvol, task_id=move_aapl_data, run_id=scheduled__2026-08-03T18:00:00+00:00, map_index=-1, ti_id=019fc9aa-0966-7974-ace4-89b2eacf36fa, run_start_date=2026-08-03 22:06:49.187458+00:00, run_end_date=2026-08-03 22:06:50.444401+00:00, run_duration=1.256943, state=success, executor=CeleryExecutor(parallelism=32), executor_state=success, try_number=1, max_tries=2, pool=default_pool, queue=default, priority_weight=2, operator=BashOperator, queued_dttm=2026-08-03 22:06:49.094819+00:00, scheduled_dttm=2026-08-03 22:06:49.067324+00:00,queued_by_job_id=8, pid=4366 [airflow.jobs.scheduler_job_runner.SchedulerJobRunner] loc=scheduler_job_runner.py:1403
2026-08-03T22:06:52.976500Z [info     ] Marking run <DagRun marketvol @ 2026-08-03 18:00:00+00:00: scheduled__2026-08-03T18:00:00+00:00, state:running, queued_at: 2026-08-03 22:06:31.680195+00:00. run_type: scheduled> successful [airflow.models.dagrun.DagRun] loc=dagrun.py:1249
Dag run in success state
Dag run start:2026-08-03 22:06:32.135837+00:00 end:2026-08-03 22:06:52.976717+00:00
2026-08-03T22:06:52.976989Z [info     ] DagRun Finished: dag_id=marketvol, logical_date=2026-08-03 18:00:00+00:00, run_id=scheduled__2026-08-03T18:00:00+00:00, run_start_date=2026-08-03 22:06:32.135837+00:00, run_end_date=2026-08-03 22:06:52.976717+00:00, run_duration=20.84088, state=success, run_type=scheduled, data_interval_start=2026-08-03 18:00:00+00:00, data_interval_end=2026-08-03 18:00:00+00:00, [airflow.models.dagrun.DagRun] loc=dagrun.py:1315
2026-08-03T22:06:53.037902Z [info     ] Received executor event with state success for task instance TaskInstanceKey(dag_id='marketvol', task_id='run_market_query', run_id='scheduled__2026-08-03T18:00:00+00:00', try_number=1, map_index=-1) [airflow.jobs.scheduler_job_runner.SchedulerJobRunner] loc=scheduler_job_runner.py:1311
2026-08-03T22:06:53.048207Z [info     ] TaskInstance Finished: dag_id=marketvol, task_id=run_market_query, run_id=scheduled__2026-08-03T18:00:00+00:00, map_index=-1, ti_id=019fc9aa-0968-7f13-a4d6-3219d4293ee7, run_start_date=2026-08-03 22:06:50.690833+00:00, run_end_date=2026-08-03 22:06:52.040547+00:00, run_duration=1.349714, state=success, executor=CeleryExecutor(parallelism=32), executor_state=success, try_number=1, max_tries=2, pool=default_pool, queue=default, priority_weight=1, operator=PythonOperator, queued_dttm=2026-08-03 22:06:50.633092+00:00, scheduled_dttm=2026-08-03 22:06:50.607251+00:00,queued_by_job_id=8, pid=4383 [airflow.jobs.scheduler_job_runner.SchedulerJobRunner] loc=scheduler_job_runner.py:1403
2026-08-03T22:08:51.839893Z [info     ] Adopting or resetting orphaned tasks for active dag runs [airflow.jobs.scheduler_job_runner.SchedulerJobRunner] loc=scheduler_job_runner.py:3244
2026-08-03T22:13:53.240141Z [info     ] Adopting or resetting orphaned tasks for active dag runs [airflow.jobs.scheduler_job_runner.SchedulerJobRunner] loc=scheduler_job_runner.py:3244
2026-08-03T22:18:53.260416Z [info     ] Adopting or resetting orphaned tasks for active dag runs [airflow.jobs.scheduler_job_runner.SchedulerJobRunner] loc=scheduler_job_runner.py:3244
2026-08-03T22:23:53.281652Z [info     ] Adopting or resetting orphaned tasks for active dag runs [airflow.jobs.scheduler_job_runner.SchedulerJobRunner] loc=scheduler_job_runner.py:3244
2026-08-03T22:28:53.304935Z [info     ] Adopting or resetting orphaned tasks for active dag runs [airflow.jobs.scheduler_job_runner.SchedulerJobRunner] loc=scheduler_job_runner.py:3244
2026-08-03T22:33:53.339930Z [info     ] Adopting or resetting orphaned tasks for active dag runs [airflow.jobs.scheduler_job_runner.SchedulerJobRunner] loc=scheduler_job_runner.py:3244
2026-08-03T22:38:53.358801Z [info     ] Adopting or resetting orphaned tasks for active dag runs [airflow.jobs.scheduler_job_runner.SchedulerJobRunner] loc=scheduler_job_runner.py:3244
2026-08-03T22:43:53.377969Z [info     ] Adopting or resetting orphaned tasks for active dag runs [airflow.jobs.scheduler_job_runner.SchedulerJobRunner] loc=scheduler_job_runner.py:3244
2026-08-03T22:48:53.401456Z [info     ] Adopting or resetting orphaned tasks for active dag runs [airflow.jobs.scheduler_job_runner.SchedulerJobRunner] loc=scheduler_job_runner.py:3244
2026-08-03T22:53:53.424647Z [info     ] Adopting or resetting orphaned tasks for active dag runs [airflow.jobs.scheduler_job_runner.SchedulerJobRunner] loc=scheduler_job_runner.py:3244
2026-08-03T22:58:53.442265Z [info     ] Adopting or resetting orphaned tasks for active dag runs [airflow.jobs.scheduler_job_runner.SchedulerJobRunner] loc=scheduler_job_runner.py:3244
2026-08-03T23:03:53.459613Z [info     ] Adopting or resetting orphaned tasks for active dag runs [airflow.jobs.scheduler_job_runner.SchedulerJobRunner] loc=scheduler_job_runner.py:3244
2026-08-03T23:08:53.482852Z [info     ] Adopting or resetting orphaned tasks for active dag runs [airflow.jobs.scheduler_job_runner.SchedulerJobRunner] loc=scheduler_job_runner.py:3244
2026-08-03T23:13:53.502656Z [info     ] Adopting or resetting orphaned tasks for active dag runs [airflow.jobs.scheduler_job_runner.SchedulerJobRunner] loc=scheduler_job_runner.py:3244
2026-08-03T23:18:53.528320Z [info     ] Adopting or resetting orphaned tasks for active dag runs [airflow.jobs.scheduler_job_runner.SchedulerJobRunner] loc=scheduler_job_runner.py:3244
2026-08-03T23:23:53.545965Z [info     ] Adopting or resetting orphaned tasks for active dag runs [airflow.jobs.scheduler_job_runner.SchedulerJobRunner] loc=scheduler_job_runner.py:3244
2026-08-03T23:28:53.578186Z [info     ] Adopting or resetting orphaned tasks for active dag runs [airflow.jobs.scheduler_job_runner.SchedulerJobRunner] loc=scheduler_job_runner.py:3244
2026-08-03T23:33:53.612831Z [info     ] Adopting or resetting orphaned tasks for active dag runs [airflow.jobs.scheduler_job_runner.SchedulerJobRunner] loc=scheduler_job_runner.py:3244
2026-08-03T23:38:53.632773Z [info     ] Adopting or resetting orphaned tasks for active dag runs [airflow.jobs.scheduler_job_runner.SchedulerJobRunner] loc=scheduler_job_runner.py:3244
2026-08-03T23:43:53.657450Z [info     ] Adopting or resetting orphaned tasks for active dag runs [airflow.jobs.scheduler_job_runner.SchedulerJobRunner] loc=scheduler_job_runner.py:3244
2026-08-03T23:48:53.674075Z [info     ] Adopting or resetting orphaned tasks for active dag runs [airflow.jobs.scheduler_job_runner.SchedulerJobRunner] loc=scheduler_job_runner.py:3244
2026-08-03T23:53:53.708924Z [info     ] Adopting or resetting orphaned tasks for active dag runs [airflow.jobs.scheduler_job_runner.SchedulerJobRunner] loc=scheduler_job_runner.py:3244
2026-08-03T23:58:53.726029Z [info     ] Adopting or resetting orphaned tasks for active dag runs [airflow.jobs.scheduler_job_runner.SchedulerJobRunner] loc=scheduler_job_runner.py:3244
2026-08-04T00:03:53.750833Z [info     ] Adopting or resetting orphaned tasks for active dag runs [airflow.jobs.scheduler_job_runner.SchedulerJobRunner] loc=scheduler_job_runner.py:3244
2026-08-04T00:08:53.767611Z [info     ] Adopting or resetting orphaned tasks for active dag runs [airflow.jobs.scheduler_job_runner.SchedulerJobRunner] loc=scheduler_job_runner.py:3244
2026-08-04T00:13:53.797648Z [info     ] Adopting or resetting orphaned tasks for active dag runs [airflow.jobs.scheduler_job_runner.SchedulerJobRunner] loc=scheduler_job_runner.py:3244
2026-08-04T00:18:53.821243Z [info     ] Adopting or resetting orphaned tasks for active dag runs [airflow.jobs.scheduler_job_runner.SchedulerJobRunner] loc=scheduler_job_runner.py:3244
2026-08-04T00:23:53.838965Z [info     ] Adopting or resetting orphaned tasks for active dag runs [airflow.jobs.scheduler_job_runner.SchedulerJobRunner] loc=scheduler_job_runner.py:3244
2026-08-04T00:28:53.862568Z [info     ] Adopting or resetting orphaned tasks for active dag runs [airflow.jobs.scheduler_job_runner.SchedulerJobRunner] loc=scheduler_job_runner.py:3244
2026-08-04T00:33:53.891340Z [info     ] Adopting or resetting orphaned tasks for active dag runs [airflow.jobs.scheduler_job_runner.SchedulerJobRunner] loc=scheduler_job_runner.py:3244
2026-08-04T00:38:53.924908Z [info     ] Adopting or resetting orphaned tasks for active dag runs [airflow.jobs.scheduler_job_runner.SchedulerJobRunner] loc=scheduler_job_runner.py:3244
2026-08-04T00:43:53.945551Z [info     ] Adopting or resetting orphaned tasks for active dag runs [airflow.jobs.scheduler_job_runner.SchedulerJobRunner] loc=scheduler_job_runner.py:3244
2026-08-04T00:48:53.986739Z [info     ] Adopting or resetting orphaned tasks for active dag runs [airflow.jobs.scheduler_job_runner.SchedulerJobRunner] loc=scheduler_job_runner.py:3244
2026-08-04T00:53:54.005983Z [info     ] Adopting or resetting orphaned tasks for active dag runs [airflow.jobs.scheduler_job_runner.SchedulerJobRunner] loc=scheduler_job_runner.py:3244
2026-08-04T00:58:54.028283Z [info     ] Adopting or resetting orphaned tasks for active dag runs [airflow.jobs.scheduler_job_runner.SchedulerJobRunner] loc=scheduler_job_runner.py:3244
2026-08-04T01:03:54.048006Z [info     ] Adopting or resetting orphaned tasks for active dag runs [airflow.jobs.scheduler_job_runner.SchedulerJobRunner] loc=scheduler_job_runner.py:3244
2026-08-04T01:08:54.065604Z [info     ] Adopting or resetting orphaned tasks for active dag runs [airflow.jobs.scheduler_job_runner.SchedulerJobRunner] loc=scheduler_job_runner.py:3244
2026-08-04T01:13:54.088060Z [info     ] Adopting or resetting orphaned tasks for active dag runs [airflow.jobs.scheduler_job_runner.SchedulerJobRunner] loc=scheduler_job_runner.py:3244
2026-08-04T01:18:54.120105Z [info     ] Adopting or resetting orphaned tasks for active dag runs [airflow.jobs.scheduler_job_runner.SchedulerJobRunner] loc=scheduler_job_runner.py:3244
2026-08-04T01:23:54.143583Z [info     ] Adopting or resetting orphaned tasks for active dag runs [airflow.jobs.scheduler_job_runner.SchedulerJobRunner] loc=scheduler_job_runner.py:3244
2026-08-04T01:28:54.165422Z [info     ] Adopting or resetting orphaned tasks for active dag runs [airflow.jobs.scheduler_job_runner.SchedulerJobRunner] loc=scheduler_job_runner.py:3244
2026-08-04T01:33:54.197113Z [info     ] Adopting or resetting orphaned tasks for active dag runs [airflow.jobs.scheduler_job_runner.SchedulerJobRunner] loc=scheduler_job_runner.py:3244
2026-08-04T01:38:54.215965Z [info     ] Adopting or resetting orphaned tasks for active dag runs [airflow.jobs.scheduler_job_runner.SchedulerJobRunner] loc=scheduler_job_runner.py:3244
2026-08-04T01:43:54.249879Z [info     ] Adopting or resetting orphaned tasks for active dag runs [airflow.jobs.scheduler_job_runner.SchedulerJobRunner] loc=scheduler_job_runner.py:3244
2026-08-04T01:48:54.272286Z [info     ] Adopting or resetting orphaned tasks for active dag runs [airflow.jobs.scheduler_job_runner.SchedulerJobRunner] loc=scheduler_job_runner.py:3244
2026-08-04T01:53:54.302656Z [info     ] Adopting or resetting orphaned tasks for active dag runs [airflow.jobs.scheduler_job_runner.SchedulerJobRunner] loc=scheduler_job_runner.py:3244
2026-08-04T01:58:54.333609Z [info     ] Adopting or resetting orphaned tasks for active dag runs [airflow.jobs.scheduler_job_runner.SchedulerJobRunner] loc=scheduler_job_runner.py:3244
2026-08-04T02:03:54.356732Z [info     ] Adopting or resetting orphaned tasks for active dag runs [airflow.jobs.scheduler_job_runner.SchedulerJobRunner] loc=scheduler_job_runner.py:3244
2026-08-04T02:08:54.382907Z [info     ] Adopting or resetting orphaned tasks for active dag runs [airflow.jobs.scheduler_job_runner.SchedulerJobRunner] loc=scheduler_job_runner.py:3244
2026-08-04T02:13:54.401767Z [info     ] Adopting or resetting orphaned tasks for active dag runs [airflow.jobs.scheduler_job_runner.SchedulerJobRunner] loc=scheduler_job_runner.py:3244
2026-08-04T02:18:54.417455Z [info     ] Adopting or resetting orphaned tasks for active dag runs [airflow.jobs.scheduler_job_runner.SchedulerJobRunner] loc=scheduler_job_runner.py:3244
2026-08-04T02:23:54.433660Z [info     ] Adopting or resetting orphaned tasks for active dag runs [airflow.jobs.scheduler_job_runner.SchedulerJobRunner] loc=scheduler_job_runner.py:3244
2026-08-04T02:28:54.450021Z [info     ] Adopting or resetting orphaned tasks for active dag runs [airflow.jobs.scheduler_job_runner.SchedulerJobRunner] loc=scheduler_job_runner.py:3244
2026-08-04T02:33:54.467187Z [info     ] Adopting or resetting orphaned tasks for active dag runs [airflow.jobs.scheduler_job_runner.SchedulerJobRunner] loc=scheduler_job_runner.py:3244
2026-08-04T02:38:54.491824Z [info     ] Adopting or resetting orphaned tasks for active dag runs [airflow.jobs.scheduler_job_runner.SchedulerJobRunner] loc=scheduler_job_runner.py:3244
2026-08-04T02:43:54.517146Z [info     ] Adopting or resetting orphaned tasks for active dag runs [airflow.jobs.scheduler_job_runner.SchedulerJobRunner] loc=scheduler_job_runner.py:3244
2026-08-04T02:48:54.542859Z [info     ] Adopting or resetting orphaned tasks for active dag runs [airflow.jobs.scheduler_job_runner.SchedulerJobRunner] loc=scheduler_job_runner.py:3244
2026-08-04T02:53:54.560582Z [info     ] Adopting or resetting orphaned tasks for active dag runs [airflow.jobs.scheduler_job_runner.SchedulerJobRunner] loc=scheduler_job_runner.py:3244
2026-08-04T02:58:54.580634Z [info     ] Adopting or resetting orphaned tasks for active dag runs [airflow.jobs.scheduler_job_runner.SchedulerJobRunner] loc=scheduler_job_runner.py:3244
2026-08-04T03:03:54.600192Z [info     ] Adopting or resetting orphaned tasks for active dag runs [airflow.jobs.scheduler_job_runner.SchedulerJobRunner] loc=scheduler_job_runner.py:3244
2026-08-04T03:08:54.617612Z [info     ] Adopting or resetting orphaned tasks for active dag runs [airflow.jobs.scheduler_job_runner.SchedulerJobRunner] loc=scheduler_job_runner.py:3244
2026-08-04T03:13:54.641384Z [info     ] Adopting or resetting orphaned tasks for active dag runs [airflow.jobs.scheduler_job_runner.SchedulerJobRunner] loc=scheduler_job_runner.py:3244
2026-08-04T03:18:54.658015Z [info     ] Adopting or resetting orphaned tasks for active dag runs [airflow.jobs.scheduler_job_runner.SchedulerJobRunner] loc=scheduler_job_runner.py:3244
2026-08-04T03:23:54.674102Z [info     ] Adopting or resetting orphaned tasks for active dag runs [airflow.jobs.scheduler_job_runner.SchedulerJobRunner] loc=scheduler_job_runner.py:3244
2026-08-04T03:28:54.696662Z [info     ] Adopting or resetting orphaned tasks for active dag runs [airflow.jobs.scheduler_job_runner.SchedulerJobRunner] loc=scheduler_job_runner.py:3244
2026-08-04T03:33:54.713469Z [info     ] Adopting or resetting orphaned tasks for active dag runs [airflow.jobs.scheduler_job_runner.SchedulerJobRunner] loc=scheduler_job_runner.py:3244
2026-08-04T03:38:54.732453Z [info     ] Adopting or resetting orphaned tasks for active dag runs [airflow.jobs.scheduler_job_runner.SchedulerJobRunner] loc=scheduler_job_runner.py:3244
2026-08-04T03:43:54.777648Z [info     ] Adopting or resetting orphaned tasks for active dag runs [airflow.jobs.scheduler_job_runner.SchedulerJobRunner] loc=scheduler_job_runner.py:3244
2026-08-04T03:48:54.804941Z [info     ] Adopting or resetting orphaned tasks for active dag runs [airflow.jobs.scheduler_job_runner.SchedulerJobRunner] loc=scheduler_job_runner.py:3244
2026-08-04T03:53:54.836377Z [info     ] Adopting or resetting orphaned tasks for active dag runs [airflow.jobs.scheduler_job_runner.SchedulerJobRunner] loc=scheduler_job_runner.py:3244
2026-08-04T03:58:54.861736Z [info     ] Adopting or resetting orphaned tasks for active dag runs [airflow.jobs.scheduler_job_runner.SchedulerJobRunner] loc=scheduler_job_runner.py:3244
2026-08-04T04:03:54.884450Z [info     ] Adopting or resetting orphaned tasks for active dag runs [airflow.jobs.scheduler_job_runner.SchedulerJobRunner] loc=scheduler_job_runner.py:3244
2026-08-04T04:08:54.905761Z [info     ] Adopting or resetting orphaned tasks for active dag runs [airflow.jobs.scheduler_job_runner.SchedulerJobRunner] loc=scheduler_job_runner.py:3244
2026-08-04T04:13:54.941187Z [info     ] Adopting or resetting orphaned tasks for active dag runs [airflow.jobs.scheduler_job_runner.SchedulerJobRunner] loc=scheduler_job_runner.py:3244
2026-08-04T04:18:54.960912Z [info     ] Adopting or resetting orphaned tasks for active dag runs [airflow.jobs.scheduler_job_runner.SchedulerJobRunner] loc=scheduler_job_runner.py:3244
2026-08-04T04:23:54.984059Z [info     ] Adopting or resetting orphaned tasks for active dag runs [airflow.jobs.scheduler_job_runner.SchedulerJobRunner] loc=scheduler_job_runner.py:3244
2026-08-04T04:28:55.006492Z [info     ] Adopting or resetting orphaned tasks for active dag runs [airflow.jobs.scheduler_job_runner.SchedulerJobRunner] loc=scheduler_job_runner.py:3244
2026-08-04T04:33:55.054852Z [info     ] Adopting or resetting orphaned tasks for active dag runs [airflow.jobs.scheduler_job_runner.SchedulerJobRunner] loc=scheduler_job_runner.py:3244
2026-08-04T04:38:55.072489Z [info     ] Adopting or resetting orphaned tasks for active dag runs [airflow.jobs.scheduler_job_runner.SchedulerJobRunner] loc=scheduler_job_runner.py:3244
2026-08-04T04:43:55.093782Z [info     ] Adopting or resetting orphaned tasks for active dag runs [airflow.jobs.scheduler_job_runner.SchedulerJobRunner] loc=scheduler_job_runner.py:3244
2026-08-04T04:48:55.117544Z [info     ] Adopting or resetting orphaned tasks for active dag runs [airflow.jobs.scheduler_job_runner.SchedulerJobRunner] loc=scheduler_job_runner.py:3244
2026-08-04T04:53:55.149753Z [info     ] Adopting or resetting orphaned tasks for active dag runs [airflow.jobs.scheduler_job_runner.SchedulerJobRunner] loc=scheduler_job_runner.py:3244
2026-08-04T04:58:55.181758Z [info     ] Adopting or resetting orphaned tasks for active dag runs [airflow.jobs.scheduler_job_runner.SchedulerJobRunner] loc=scheduler_job_runner.py:3244
2026-08-04T05:03:55.211323Z [info     ] Adopting or resetting orphaned tasks for active dag runs [airflow.jobs.scheduler_job_runner.SchedulerJobRunner] loc=scheduler_job_runner.py:3244
2026-08-04T05:08:55.235339Z [info     ] Adopting or resetting orphaned tasks for active dag runs [airflow.jobs.scheduler_job_runner.SchedulerJobRunner] loc=scheduler_job_runner.py:3244
2026-08-04T05:13:55.268624Z [info     ] Adopting or resetting orphaned tasks for active dag runs [airflow.jobs.scheduler_job_runner.SchedulerJobRunner] loc=scheduler_job_runner.py:3244
2026-08-04T05:18:55.293984Z [info     ] Adopting or resetting orphaned tasks for active dag runs [airflow.jobs.scheduler_job_runner.SchedulerJobRunner] loc=scheduler_job_runner.py:3244
2026-08-04T05:23:55.312010Z [info     ] Adopting or resetting orphaned tasks for active dag runs [airflow.jobs.scheduler_job_runner.SchedulerJobRunner] loc=scheduler_job_runner.py:3244
2026-08-04T05:28:55.328063Z [info     ] Adopting or resetting orphaned tasks for active dag runs [airflow.jobs.scheduler_job_runner.SchedulerJobRunner] loc=scheduler_job_runner.py:3244
2026-08-04T05:33:55.353061Z [info     ] Adopting or resetting orphaned tasks for active dag runs [airflow.jobs.scheduler_job_runner.SchedulerJobRunner] loc=scheduler_job_runner.py:3244
2026-08-04T05:38:55.380539Z [info     ] Adopting or resetting orphaned tasks for active dag runs [airflow.jobs.scheduler_job_runner.SchedulerJobRunner] loc=scheduler_job_runner.py:3244
2026-08-04T05:43:55.400532Z [info     ] Adopting or resetting orphaned tasks for active dag runs [airflow.jobs.scheduler_job_runner.SchedulerJobRunner] loc=scheduler_job_runner.py:3244
2026-08-04T05:48:55.427122Z [info     ] Adopting or resetting orphaned tasks for active dag runs [airflow.jobs.scheduler_job_runner.SchedulerJobRunner] loc=scheduler_job_runner.py:3244
2026-08-04T05:53:55.464508Z [info     ] Adopting or resetting orphaned tasks for active dag runs [airflow.jobs.scheduler_job_runner.SchedulerJobRunner] loc=scheduler_job_runner.py:3244
2026-08-04T05:58:55.480976Z [info     ] Adopting or resetting orphaned tasks for active dag runs [airflow.jobs.scheduler_job_runner.SchedulerJobRunner] loc=scheduler_job_runner.py:3244
2026-08-04T06:03:55.521848Z [info     ] Adopting or resetting orphaned tasks for active dag runs [airflow.jobs.scheduler_job_runner.SchedulerJobRunner] loc=scheduler_job_runner.py:3244
2026-08-04T06:08:55.537949Z [info     ] Adopting or resetting orphaned tasks for active dag runs [airflow.jobs.scheduler_job_runner.SchedulerJobRunner] loc=scheduler_job_runner.py:3244
2026-08-04T06:13:55.552661Z [info     ] Adopting or resetting orphaned tasks for active dag runs [airflow.jobs.scheduler_job_runner.SchedulerJobRunner] loc=scheduler_job_runner.py:3244
2026-08-04T06:18:55.567548Z [info     ] Adopting or resetting orphaned tasks for active dag runs [airflow.jobs.scheduler_job_runner.SchedulerJobRunner] loc=scheduler_job_runner.py:3244
2026-08-04T06:23:55.607487Z [info     ] Adopting or resetting orphaned tasks for active dag runs [airflow.jobs.scheduler_job_runner.SchedulerJobRunner] loc=scheduler_job_runner.py:3244
2026-08-04T06:28:55.639830Z [info     ] Adopting or resetting orphaned tasks for active dag runs [airflow.jobs.scheduler_job_runner.SchedulerJobRunner] loc=scheduler_job_runner.py:3244
2026-08-04T06:33:55.668432Z [info     ] Adopting or resetting orphaned tasks for active dag runs [airflow.jobs.scheduler_job_runner.SchedulerJobRunner] loc=scheduler_job_runner.py:3244
2026-08-04T06:38:55.693845Z [info     ] Adopting or resetting orphaned tasks for active dag runs [airflow.jobs.scheduler_job_runner.SchedulerJobRunner] loc=scheduler_job_runner.py:3244
2026-08-04T06:43:55.718881Z [info     ] Adopting or resetting orphaned tasks for active dag runs [airflow.jobs.scheduler_job_runner.SchedulerJobRunner] loc=scheduler_job_runner.py:3244
2026-08-04T06:48:55.743224Z [info     ] Adopting or resetting orphaned tasks for active dag runs [airflow.jobs.scheduler_job_runner.SchedulerJobRunner] loc=scheduler_job_runner.py:3244
2026-08-04T06:53:55.760612Z [info     ] Adopting or resetting orphaned tasks for active dag runs [airflow.jobs.scheduler_job_runner.SchedulerJobRunner] loc=scheduler_job_runner.py:3244
2026-08-04T06:58:55.781218Z [info     ] Adopting or resetting orphaned tasks for active dag runs [airflow.jobs.scheduler_job_runner.SchedulerJobRunner] loc=scheduler_job_runner.py:3244
2026-08-04T07:03:55.798388Z [info     ] Adopting or resetting orphaned tasks for active dag runs [airflow.jobs.scheduler_job_runner.SchedulerJobRunner] loc=scheduler_job_runner.py:3244
2026-08-04T07:08:55.814501Z [info     ] Adopting or resetting orphaned tasks for active dag runs [airflow.jobs.scheduler_job_runner.SchedulerJobRunner] loc=scheduler_job_runner.py:3244
2026-08-04T07:13:55.834374Z [info     ] Adopting or resetting orphaned tasks for active dag runs [airflow.jobs.scheduler_job_runner.SchedulerJobRunner] loc=scheduler_job_runner.py:3244
2026-08-04T07:18:55.855222Z [info     ] Adopting or resetting orphaned tasks for active dag runs [airflow.jobs.scheduler_job_runner.SchedulerJobRunner] loc=scheduler_job_runner.py:3244
2026-08-04T07:23:55.872383Z [info     ] Adopting or resetting orphaned tasks for active dag runs [airflow.jobs.scheduler_job_runner.SchedulerJobRunner] loc=scheduler_job_runner.py:3244
2026-08-04T07:28:55.908226Z [info     ] Adopting or resetting orphaned tasks for active dag runs [airflow.jobs.scheduler_job_runner.SchedulerJobRunner] loc=scheduler_job_runner.py:3244
2026-08-04T07:33:55.932820Z [info     ] Adopting or resetting orphaned tasks for active dag runs [airflow.jobs.scheduler_job_runner.SchedulerJobRunner] loc=scheduler_job_runner.py:3244
2026-08-04T07:38:55.947797Z [info     ] Adopting or resetting orphaned tasks for active dag runs [airflow.jobs.scheduler_job_runner.SchedulerJobRunner] loc=scheduler_job_runner.py:3244
2026-08-04T07:43:55.964650Z [info     ] Adopting or resetting orphaned tasks for active dag runs [airflow.jobs.scheduler_job_runner.SchedulerJobRunner] loc=scheduler_job_runner.py:3244
2026-08-04T07:48:55.985131Z [info     ] Adopting or resetting orphaned tasks for active dag runs [airflow.jobs.scheduler_job_runner.SchedulerJobRunner] loc=scheduler_job_runner.py:3244
2026-08-04T07:53:56.007231Z [info     ] Adopting or resetting orphaned tasks for active dag runs [airflow.jobs.scheduler_job_runner.SchedulerJobRunner] loc=scheduler_job_runner.py:3244
2026-08-04T07:58:56.021319Z [info     ] Adopting or resetting orphaned tasks for active dag runs [airflow.jobs.scheduler_job_runner.SchedulerJobRunner] loc=scheduler_job_runner.py:3244
2026-08-04T08:03:56.041598Z [info     ] Adopting or resetting orphaned tasks for active dag runs [airflow.jobs.scheduler_job_runner.SchedulerJobRunner] loc=scheduler_job_runner.py:3244
2026-08-04T08:08:56.069056Z [info     ] Adopting or resetting orphaned tasks for active dag runs [airflow.jobs.scheduler_job_runner.SchedulerJobRunner] loc=scheduler_job_runner.py:3244
2026-08-04T08:13:56.085833Z [info     ] Adopting or resetting orphaned tasks for active dag runs [airflow.jobs.scheduler_job_runner.SchedulerJobRunner] loc=scheduler_job_runner.py:3244
2026-08-04T08:18:56.105447Z [info     ] Adopting or resetting orphaned tasks for active dag runs [airflow.jobs.scheduler_job_runner.SchedulerJobRunner] loc=scheduler_job_runner.py:3244
2026-08-04T08:23:56.127380Z [info     ] Adopting or resetting orphaned tasks for active dag runs [airflow.jobs.scheduler_job_runner.SchedulerJobRunner] loc=scheduler_job_runner.py:3244
2026-08-04T08:28:56.156039Z [info     ] Adopting or resetting orphaned tasks for active dag runs [airflow.jobs.scheduler_job_runner.SchedulerJobRunner] loc=scheduler_job_runner.py:3244
2026-08-04T08:33:56.176725Z [info     ] Adopting or resetting orphaned tasks for active dag runs [airflow.jobs.scheduler_job_runner.SchedulerJobRunner] loc=scheduler_job_runner.py:3244
2026-08-04T08:38:56.216450Z [info     ] Adopting or resetting orphaned tasks for active dag runs [airflow.jobs.scheduler_job_runner.SchedulerJobRunner] loc=scheduler_job_runner.py:3244
2026-08-04T08:43:56.241724Z [info     ] Adopting or resetting orphaned tasks for active dag runs [airflow.jobs.scheduler_job_runner.SchedulerJobRunner] loc=scheduler_job_runner.py:3244
2026-08-04T08:48:56.265154Z [info     ] Adopting or resetting orphaned tasks for active dag runs [airflow.jobs.scheduler_job_runner.SchedulerJobRunner] loc=scheduler_job_runner.py:3244
2026-08-04T08:53:56.280277Z [info     ] Adopting or resetting orphaned tasks for active dag runs [airflow.jobs.scheduler_job_runner.SchedulerJobRunner] loc=scheduler_job_runner.py:3244
2026-08-04T08:58:56.308285Z [info     ] Adopting or resetting orphaned tasks for active dag runs [airflow.jobs.scheduler_job_runner.SchedulerJobRunner] loc=scheduler_job_runner.py:3244
2026-08-04T09:03:56.325789Z [info     ] Adopting or resetting orphaned tasks for active dag runs [airflow.jobs.scheduler_job_runner.SchedulerJobRunner] loc=scheduler_job_runner.py:3244
2026-08-04T09:08:56.346322Z [info     ] Adopting or resetting orphaned tasks for active dag runs [airflow.jobs.scheduler_job_runner.SchedulerJobRunner] loc=scheduler_job_runner.py:3244
2026-08-04T09:13:56.368651Z [info     ] Adopting or resetting orphaned tasks for active dag runs [airflow.jobs.scheduler_job_runner.SchedulerJobRunner] loc=scheduler_job_runner.py:3244
2026-08-04T09:18:56.398358Z [info     ] Adopting or resetting orphaned tasks for active dag runs [airflow.jobs.scheduler_job_runner.SchedulerJobRunner] loc=scheduler_job_runner.py:3244
2026-08-04T09:23:56.417981Z [info     ] Adopting or resetting orphaned tasks for active dag runs [airflow.jobs.scheduler_job_runner.SchedulerJobRunner] loc=scheduler_job_runner.py:3244
2026-08-04T09:28:56.451428Z [info     ] Adopting or resetting orphaned tasks for active dag runs [airflow.jobs.scheduler_job_runner.SchedulerJobRunner] loc=scheduler_job_runner.py:3244
2026-08-04T09:33:56.482319Z [info     ] Adopting or resetting orphaned tasks for active dag runs [airflow.jobs.scheduler_job_runner.SchedulerJobRunner] loc=scheduler_job_runner.py:3244
2026-08-04T09:38:56.505652Z [info     ] Adopting or resetting orphaned tasks for active dag runs [airflow.jobs.scheduler_job_runner.SchedulerJobRunner] loc=scheduler_job_runner.py:3244
2026-08-04T09:43:56.523235Z [info     ] Adopting or resetting orphaned tasks for active dag runs [airflow.jobs.scheduler_job_runner.SchedulerJobRunner] loc=scheduler_job_runner.py:3244
2026-08-04T09:48:56.540104Z [info     ] Adopting or resetting orphaned tasks for active dag runs [airflow.jobs.scheduler_job_runner.SchedulerJobRunner] loc=scheduler_job_runner.py:3244
2026-08-04T09:53:56.571101Z [info     ] Adopting or resetting orphaned tasks for active dag runs [airflow.jobs.scheduler_job_runner.SchedulerJobRunner] loc=scheduler_job_runner.py:3244
2026-08-04T09:58:56.592561Z [info     ] Adopting or resetting orphaned tasks for active dag runs [airflow.jobs.scheduler_job_runner.SchedulerJobRunner] loc=scheduler_job_runner.py:3244
2026-08-04T10:03:56.616479Z [info     ] Adopting or resetting orphaned tasks for active dag runs [airflow.jobs.scheduler_job_runner.SchedulerJobRunner] loc=scheduler_job_runner.py:3244
2026-08-04T10:08:56.646567Z [info     ] Adopting or resetting orphaned tasks for active dag runs [airflow.jobs.scheduler_job_runner.SchedulerJobRunner] loc=scheduler_job_runner.py:3244
2026-08-04T10:13:56.664543Z [info     ] Adopting or resetting orphaned tasks for active dag runs [airflow.jobs.scheduler_job_runner.SchedulerJobRunner] loc=scheduler_job_runner.py:3244
2026-08-04T10:18:56.696277Z [info     ] Adopting or resetting orphaned tasks for active dag runs [airflow.jobs.scheduler_job_runner.SchedulerJobRunner] loc=scheduler_job_runner.py:3244
2026-08-04T10:23:56.723620Z [info     ] Adopting or resetting orphaned tasks for active dag runs [airflow.jobs.scheduler_job_runner.SchedulerJobRunner] loc=scheduler_job_runner.py:3244
2026-08-04T10:28:56.747311Z [info     ] Adopting or resetting orphaned tasks for active dag runs [airflow.jobs.scheduler_job_runner.SchedulerJobRunner] loc=scheduler_job_runner.py:3244
2026-08-04T10:33:56.766342Z [info     ] Adopting or resetting orphaned tasks for active dag runs [airflow.jobs.scheduler_job_runner.SchedulerJobRunner] loc=scheduler_job_runner.py:3244
2026-08-04T10:38:56.792796Z [info     ] Adopting or resetting orphaned tasks for active dag runs [airflow.jobs.scheduler_job_runner.SchedulerJobRunner] loc=scheduler_job_runner.py:3244
2026-08-04T10:43:56.810741Z [info     ] Adopting or resetting orphaned tasks for active dag runs [airflow.jobs.scheduler_job_runner.SchedulerJobRunner] loc=scheduler_job_runner.py:3244
2026-08-04T10:48:56.826430Z [info     ] Adopting or resetting orphaned tasks for active dag runs [airflow.jobs.scheduler_job_runner.SchedulerJobRunner] loc=scheduler_job_runner.py:3244
2026-08-04T10:53:56.846779Z [info     ] Adopting or resetting orphaned tasks for active dag runs [airflow.jobs.scheduler_job_runner.SchedulerJobRunner] loc=scheduler_job_runner.py:3244
2026-08-04T10:58:56.882784Z [info     ] Adopting or resetting orphaned tasks for active dag runs [airflow.jobs.scheduler_job_runner.SchedulerJobRunner] loc=scheduler_job_runner.py:3244
2026-08-04T11:03:56.911403Z [info     ] Adopting or resetting orphaned tasks for active dag runs [airflow.jobs.scheduler_job_runner.SchedulerJobRunner] loc=scheduler_job_runner.py:3244
2026-08-04T11:08:56.933666Z [info     ] Adopting or resetting orphaned tasks for active dag runs [airflow.jobs.scheduler_job_runner.SchedulerJobRunner] loc=scheduler_job_runner.py:3244
2026-08-04T11:13:56.951455Z [info     ] Adopting or resetting orphaned tasks for active dag runs [airflow.jobs.scheduler_job_runner.SchedulerJobRunner] loc=scheduler_job_runner.py:3244
2026-08-04T11:18:56.970020Z [info     ] Adopting or resetting orphaned tasks for active dag runs [airflow.jobs.scheduler_job_runner.SchedulerJobRunner] loc=scheduler_job_runner.py:3244
2026-08-04T11:23:56.992131Z [info     ] Adopting or resetting orphaned tasks for active dag runs [airflow.jobs.scheduler_job_runner.SchedulerJobRunner] loc=scheduler_job_runner.py:3244
2026-08-04T11:28:57.010078Z [info     ] Adopting or resetting orphaned tasks for active dag runs [airflow.jobs.scheduler_job_runner.SchedulerJobRunner] loc=scheduler_job_runner.py:3244
2026-08-04T11:33:57.037860Z [info     ] Adopting or resetting orphaned tasks for active dag runs [airflow.jobs.scheduler_job_runner.SchedulerJobRunner] loc=scheduler_job_runner.py:3244
2026-08-04T11:38:57.055937Z [info     ] Adopting or resetting orphaned tasks for active dag runs [airflow.jobs.scheduler_job_runner.SchedulerJobRunner] loc=scheduler_job_runner.py:3244
2026-08-04T11:43:57.076418Z [info     ] Adopting or resetting orphaned tasks for active dag runs [airflow.jobs.scheduler_job_runner.SchedulerJobRunner] loc=scheduler_job_runner.py:3244
2026-08-04T11:48:57.095760Z [info     ] Adopting or resetting orphaned tasks for active dag runs [airflow.jobs.scheduler_job_runner.SchedulerJobRunner] loc=scheduler_job_runner.py:3244
2026-08-04T11:53:57.123124Z [info     ] Adopting or resetting orphaned tasks for active dag runs [airflow.jobs.scheduler_job_runner.SchedulerJobRunner] loc=scheduler_job_runner.py:3244
2026-08-04T11:58:57.151713Z [info     ] Adopting or resetting orphaned tasks for active dag runs [airflow.jobs.scheduler_job_runner.SchedulerJobRunner] loc=scheduler_job_runner.py:3244
2026-08-04T12:03:57.174163Z [info     ] Adopting or resetting orphaned tasks for active dag runs [airflow.jobs.scheduler_job_runner.SchedulerJobRunner] loc=scheduler_job_runner.py:3244
2026-08-04T12:08:57.220222Z [info     ] Adopting or resetting orphaned tasks for active dag runs [airflow.jobs.scheduler_job_runner.SchedulerJobRunner] loc=scheduler_job_runner.py:3244
2026-08-04T12:13:57.212403Z [info     ] Adopting or resetting orphaned tasks for active dag runs [airflow.jobs.scheduler_job_runner.SchedulerJobRunner] loc=scheduler_job_runner.py:3244
2026-08-04T12:18:57.234668Z [info     ] Adopting or resetting orphaned tasks for active dag runs [airflow.jobs.scheduler_job_runner.SchedulerJobRunner] loc=scheduler_job_runner.py:3244
2026-08-04T12:23:57.255536Z [info     ] Adopting or resetting orphaned tasks for active dag runs [airflow.jobs.scheduler_job_runner.SchedulerJobRunner] loc=scheduler_job_runner.py:3244
2026-08-04T12:28:57.291309Z [info     ] Adopting or resetting orphaned tasks for active dag runs [airflow.jobs.scheduler_job_runner.SchedulerJobRunner] loc=scheduler_job_runner.py:3244
2026-08-04T12:33:57.311171Z [info     ] Adopting or resetting orphaned tasks for active dag runs [airflow.jobs.scheduler_job_runner.SchedulerJobRunner] loc=scheduler_job_runner.py:3244
2026-08-04T12:38:57.331617Z [info     ] Adopting or resetting orphaned tasks for active dag runs [airflow.jobs.scheduler_job_runner.SchedulerJobRunner] loc=scheduler_job_runner.py:3244
2026-08-04T12:43:57.357605Z [info     ] Adopting or resetting orphaned tasks for active dag runs [airflow.jobs.scheduler_job_runner.SchedulerJobRunner] loc=scheduler_job_runner.py:3244
2026-08-04T12:48:57.378218Z [info     ] Adopting or resetting orphaned tasks for active dag runs [airflow.jobs.scheduler_job_runner.SchedulerJobRunner] loc=scheduler_job_runner.py:3244
2026-08-04T12:53:57.402381Z [info     ] Adopting or resetting orphaned tasks for active dag runs [airflow.jobs.scheduler_job_runner.SchedulerJobRunner] loc=scheduler_job_runner.py:3244
2026-08-04T12:58:57.427317Z [info     ] Adopting or resetting orphaned tasks for active dag runs [airflow.jobs.scheduler_job_runner.SchedulerJobRunner] loc=scheduler_job_runner.py:3244
2026-08-04T13:03:57.455981Z [info     ] Adopting or resetting orphaned tasks for active dag runs [airflow.jobs.scheduler_job_runner.SchedulerJobRunner] loc=scheduler_job_runner.py:3244
2026-08-04T13:08:57.480643Z [info     ] Adopting or resetting orphaned tasks for active dag runs [airflow.jobs.scheduler_job_runner.SchedulerJobRunner] loc=scheduler_job_runner.py:3244
2026-08-04T13:13:57.497311Z [info     ] Adopting or resetting orphaned tasks for active dag runs [airflow.jobs.scheduler_job_runner.SchedulerJobRunner] loc=scheduler_job_runner.py:3244
2026-08-04T13:18:57.530866Z [info     ] Adopting or resetting orphaned tasks for active dag runs [airflow.jobs.scheduler_job_runner.SchedulerJobRunner] loc=scheduler_job_runner.py:3244
2026-08-04T13:23:57.555265Z [info     ] Adopting or resetting orphaned tasks for active dag runs [airflow.jobs.scheduler_job_runner.SchedulerJobRunner] loc=scheduler_job_runner.py:3244
2026-08-04T13:28:57.577308Z [info     ] Adopting or resetting orphaned tasks for active dag runs [airflow.jobs.scheduler_job_runner.SchedulerJobRunner] loc=scheduler_job_runner.py:3244
2026-08-04T13:33:57.594096Z [info     ] Adopting or resetting orphaned tasks for active dag runs [airflow.jobs.scheduler_job_runner.SchedulerJobRunner] loc=scheduler_job_runner.py:3244
2026-08-04T13:38:57.609318Z [info     ] Adopting or resetting orphaned tasks for active dag runs [airflow.jobs.scheduler_job_runner.SchedulerJobRunner] loc=scheduler_job_runner.py:3244
2026-08-04T13:43:57.633195Z [info     ] Adopting or resetting orphaned tasks for active dag runs [airflow.jobs.scheduler_job_runner.SchedulerJobRunner] loc=scheduler_job_runner.py:3244
2026-08-04T13:48:57.650346Z [info     ] Adopting or resetting orphaned tasks for active dag runs [airflow.jobs.scheduler_job_runner.SchedulerJobRunner] loc=scheduler_job_runner.py:3244
2026-08-04T13:53:57.687223Z [info     ] Adopting or resetting orphaned tasks for active dag runs [airflow.jobs.scheduler_job_runner.SchedulerJobRunner] loc=scheduler_job_runner.py:3244
2026-08-04T13:58:57.708994Z [info     ] Adopting or resetting orphaned tasks for active dag runs [airflow.jobs.scheduler_job_runner.SchedulerJobRunner] loc=scheduler_job_runner.py:3244
2026-08-04T14:03:57.734368Z [info     ] Adopting or resetting orphaned tasks for active dag runs [airflow.jobs.scheduler_job_runner.SchedulerJobRunner] loc=scheduler_job_runner.py:3244
2026-08-04T14:08:57.751846Z [info     ] Adopting or resetting orphaned tasks for active dag runs [airflow.jobs.scheduler_job_runner.SchedulerJobRunner] loc=scheduler_job_runner.py:3244
2026-08-04T14:13:57.778514Z [info     ] Adopting or resetting orphaned tasks for active dag runs [airflow.jobs.scheduler_job_runner.SchedulerJobRunner] loc=scheduler_job_runner.py:3244
2026-08-04T14:18:57.802028Z [info     ] Adopting or resetting orphaned tasks for active dag runs [airflow.jobs.scheduler_job_runner.SchedulerJobRunner] loc=scheduler_job_runner.py:3244
2026-08-04T14:23:57.819331Z [info     ] Adopting or resetting orphaned tasks for active dag runs [airflow.jobs.scheduler_job_runner.SchedulerJobRunner] loc=scheduler_job_runner.py:3244
2026-08-04T14:28:57.841650Z [info     ] Adopting or resetting orphaned tasks for active dag runs [airflow.jobs.scheduler_job_runner.SchedulerJobRunner] loc=scheduler_job_runner.py:3244
2026-08-04T14:33:57.869972Z [info     ] Adopting or resetting orphaned tasks for active dag runs [airflow.jobs.scheduler_job_runner.SchedulerJobRunner] loc=scheduler_job_runner.py:3244
2026-08-04T14:38:57.909418Z [info     ] Adopting or resetting orphaned tasks for active dag runs [airflow.jobs.scheduler_job_runner.SchedulerJobRunner] loc=scheduler_job_runner.py:3244
2026-08-04T14:43:57.946897Z [info     ] Adopting or resetting orphaned tasks for active dag runs [airflow.jobs.scheduler_job_runner.SchedulerJobRunner] loc=scheduler_job_runner.py:3244
2026-08-04T14:48:57.977193Z [info     ] Adopting or resetting orphaned tasks for active dag runs [airflow.jobs.scheduler_job_runner.SchedulerJobRunner] loc=scheduler_job_runner.py:3244
2026-08-04T14:53:58.000916Z [info     ] Adopting or resetting orphaned tasks for active dag runs [airflow.jobs.scheduler_job_runner.SchedulerJobRunner] loc=scheduler_job_runner.py:3244
2026-08-04T14:58:58.032683Z [info     ] Adopting or resetting orphaned tasks for active dag runs [airflow.jobs.scheduler_job_runner.SchedulerJobRunner] loc=scheduler_job_runner.py:3244
2026-08-04T15:03:58.067358Z [info     ] Adopting or resetting orphaned tasks for active dag runs [airflow.jobs.scheduler_job_runner.SchedulerJobRunner] loc=scheduler_job_runner.py:3244
2026-08-04T15:08:58.087364Z [info     ] Adopting or resetting orphaned tasks for active dag runs [airflow.jobs.scheduler_job_runner.SchedulerJobRunner] loc=scheduler_job_runner.py:3244
2026-08-04T15:13:58.119557Z [info     ] Adopting or resetting orphaned tasks for active dag runs [airflow.jobs.scheduler_job_runner.SchedulerJobRunner] loc=scheduler_job_runner.py:3244
2026-08-04T15:18:58.150955Z [info     ] Adopting or resetting orphaned tasks for active dag runs [airflow.jobs.scheduler_job_runner.SchedulerJobRunner] loc=scheduler_job_runner.py:3244
2026-08-04T15:23:58.173094Z [info     ] Adopting or resetting orphaned tasks for active dag runs [airflow.jobs.scheduler_job_runner.SchedulerJobRunner] loc=scheduler_job_runner.py:3244
2026-08-04T15:28:58.192411Z [info     ] Adopting or resetting orphaned tasks for active dag runs [airflow.jobs.scheduler_job_runner.SchedulerJobRunner] loc=scheduler_job_runner.py:3244
2026-08-04T15:33:58.228272Z [info     ] Adopting or resetting orphaned tasks for active dag runs [airflow.jobs.scheduler_job_runner.SchedulerJobRunner] loc=scheduler_job_runner.py:3244
2026-08-04T15:38:58.276028Z [info     ] Adopting or resetting orphaned tasks for active dag runs [airflow.jobs.scheduler_job_runner.SchedulerJobRunner] loc=scheduler_job_runner.py:3244
2026-08-04T15:43:58.316369Z [info     ] Adopting or resetting orphaned tasks for active dag runs [airflow.jobs.scheduler_job_runner.SchedulerJobRunner] loc=scheduler_job_runner.py:3244
2026-08-04T15:48:58.325162Z [info     ] Adopting or resetting orphaned tasks for active dag runs [airflow.jobs.scheduler_job_runner.SchedulerJobRunner] loc=scheduler_job_runner.py:3244
2026-08-04T15:53:58.345558Z [info     ] Adopting or resetting orphaned tasks for active dag runs [airflow.jobs.scheduler_job_runner.SchedulerJobRunner] loc=scheduler_job_runner.py:3244
2026-08-04T15:58:58.367939Z [info     ] Adopting or resetting orphaned tasks for active dag runs [airflow.jobs.scheduler_job_runner.SchedulerJobRunner] loc=scheduler_job_runner.py:3244
2026-08-04T16:03:58.405659Z [info     ] Adopting or resetting orphaned tasks for active dag runs [airflow.jobs.scheduler_job_runner.SchedulerJobRunner] loc=scheduler_job_runner.py:3244
2026-08-04T16:08:58.429456Z [info     ] Adopting or resetting orphaned tasks for active dag runs [airflow.jobs.scheduler_job_runner.SchedulerJobRunner] loc=scheduler_job_runner.py:3244
2026-08-04T16:13:58.459831Z [info     ] Adopting or resetting orphaned tasks for active dag runs [airflow.jobs.scheduler_job_runner.SchedulerJobRunner] loc=scheduler_job_runner.py:3244
2026-08-04T16:18:58.484697Z [info     ] Adopting or resetting orphaned tasks for active dag runs [airflow.jobs.scheduler_job_runner.SchedulerJobRunner] loc=scheduler_job_runner.py:3244
2026-08-04T16:23:58.514209Z [info     ] Adopting or resetting orphaned tasks for active dag runs [airflow.jobs.scheduler_job_runner.SchedulerJobRunner] loc=scheduler_job_runner.py:3244
2026-08-04T16:28:58.533330Z [info     ] Adopting or resetting orphaned tasks for active dag runs [airflow.jobs.scheduler_job_runner.SchedulerJobRunner] loc=scheduler_job_runner.py:3244
2026-08-04T16:33:58.559809Z [info     ] Adopting or resetting orphaned tasks for active dag runs [airflow.jobs.scheduler_job_runner.SchedulerJobRunner] loc=scheduler_job_runner.py:3244
2026-08-04T16:38:58.598852Z [info     ] Adopting or resetting orphaned tasks for active dag runs [airflow.jobs.scheduler_job_runner.SchedulerJobRunner] loc=scheduler_job_runner.py:3244
2026-08-04T16:43:58.621220Z [info     ] Adopting or resetting orphaned tasks for active dag runs [airflow.jobs.scheduler_job_runner.SchedulerJobRunner] loc=scheduler_job_runner.py:3244
2026-08-04T16:48:58.637730Z [info     ] Adopting or resetting orphaned tasks for active dag runs [airflow.jobs.scheduler_job_runner.SchedulerJobRunner] loc=scheduler_job_runner.py:3244
2026-08-04T16:53:58.656367Z [info     ] Adopting or resetting orphaned tasks for active dag runs [airflow.jobs.scheduler_job_runner.SchedulerJobRunner] loc=scheduler_job_runner.py:3244
2026-08-04T16:58:58.673772Z [info     ] Adopting or resetting orphaned tasks for active dag runs [airflow.jobs.scheduler_job_runner.SchedulerJobRunner] loc=scheduler_job_runner.py:3244
2026-08-04T17:03:58.688125Z [info     ] Adopting or resetting orphaned tasks for active dag runs [airflow.jobs.scheduler_job_runner.SchedulerJobRunner] loc=scheduler_job_runner.py:3244
2026-08-04T17:08:58.710701Z [info     ] Adopting or resetting orphaned tasks for active dag runs [airflow.jobs.scheduler_job_runner.SchedulerJobRunner] loc=scheduler_job_runner.py:3244
2026-08-04T17:13:58.729100Z [info     ] Adopting or resetting orphaned tasks for active dag runs [airflow.jobs.scheduler_job_runner.SchedulerJobRunner] loc=scheduler_job_runner.py:3244
2026-08-04T17:18:58.746826Z [info     ] Adopting or resetting orphaned tasks for active dag runs [airflow.jobs.scheduler_job_runner.SchedulerJobRunner] loc=scheduler_job_runner.py:3244
2026-08-04T17:23:58.773242Z [info     ] Adopting or resetting orphaned tasks for active dag runs [airflow.jobs.scheduler_job_runner.SchedulerJobRunner] loc=scheduler_job_runner.py:3244
2026-08-04T17:28:58.795437Z [info     ] Adopting or resetting orphaned tasks for active dag runs [airflow.jobs.scheduler_job_runner.SchedulerJobRunner] loc=scheduler_job_runner.py:3244
2026-08-04T17:33:58.813800Z [info     ] Adopting or resetting orphaned tasks for active dag runs [airflow.jobs.scheduler_job_runner.SchedulerJobRunner] loc=scheduler_job_runner.py:3244
2026-08-04T17:38:58.833988Z [info     ] Adopting or resetting orphaned tasks for active dag runs [airflow.jobs.scheduler_job_runner.SchedulerJobRunner] loc=scheduler_job_runner.py:3244
2026-08-04T17:43:58.851354Z [info     ] Adopting or resetting orphaned tasks for active dag runs [airflow.jobs.scheduler_job_runner.SchedulerJobRunner] loc=scheduler_job_runner.py:3244
2026-08-04T17:48:58.877260Z [info     ] Adopting or resetting orphaned tasks for active dag runs [airflow.jobs.scheduler_job_runner.SchedulerJobRunner] loc=scheduler_job_runner.py:3244
2026-08-04T17:53:58.896412Z [info     ] Adopting or resetting orphaned tasks for active dag runs [airflow.jobs.scheduler_job_runner.SchedulerJobRunner] loc=scheduler_job_runner.py:3244
2026-08-04T17:58:58.913026Z [info     ] Adopting or resetting orphaned tasks for active dag runs [airflow.jobs.scheduler_job_runner.SchedulerJobRunner] loc=scheduler_job_runner.py:3244
2026-08-04T18:00:00.968323Z [info     ] creating dag run               [airflow.serialization.definitions.dag] loc=dag.py:607 logical_date=DateTime(2026, 8, 4, 18, 0, 0, tzinfo=Timezone('UTC')) partition_key=None run_after=DateTime(2026, 8, 4, 18, 0, 0, tzinfo=Timezone('UTC')) run_id=scheduled__2026-08-04T18:00:00+00:00
2026-08-04T18:00:00.978716Z [info     ] get next_dagrun_info_v2        [airflow.serialization.definitions.dag] last_automated_run_info=DagRunInfo(run_after=DateTime(2026, 8, 4, 18, 0, 0, tzinfo=Timezone('UTC')), data_interval=DataInterval(start=DateTime(2026, 8, 4, 18, 0, 0, tzinfo=Timezone('UTC')), end=DateTime(2026, 8, 4, 18, 0, 0, tzinfo=Timezone('UTC'))), partition_date=None, partition_key=None) loc=dag.py:445 next_info=DagRunInfo(run_after=DateTime(2026, 8, 5, 18, 0, 0, tzinfo=Timezone('UTC')), data_interval=DataInterval(start=DateTime(2026, 8, 5, 18, 0, 0, tzinfo=Timezone('UTC')), end=DateTime(2026, 8, 5, 18, 0, 0, tzinfo=Timezone('UTC'))), partition_date=None, partition_key=None)
2026-08-04T18:00:00.979031Z [info     ] setting next dagrun info       [airflow.models.dag] loc=dag.py:848 next_dagrun='2026-08-05 18:00:00+00:00' next_dagrun_create_after='2026-08-05 18:00:00+00:00' next_dagrun_data_interval_end='2026-08-05 18:00:00+00:00' next_dagrun_data_interval_start='2026-08-05 18:00:00+00:00' next_dagrun_partition_date=None next_dagrun_partition_key=None
Dag run  in running state
Dag information Queued at: 2026-08-04 18:00:00.970124+00:00 version: 2
2026-08-04T18:00:01.027239Z [info     ] 1 tasks up for execution:
	<TaskInstance: marketvol.create_temp_dir scheduled__2026-08-04T18:00:00+00:00 [scheduled] ti_id=019fcdee-b4d4-7d51-bec9-bba4185ff0ca> [airflow.jobs.scheduler_job_runner.SchedulerJobRunner] loc=scheduler_job_runner.py:719
2026-08-04T18:00:01.027462Z [info     ] DAG marketvol has 0/16 running and queued tasks [airflow.jobs.scheduler_job_runner.SchedulerJobRunner] loc=scheduler_job_runner.py:822
2026-08-04T18:00:01.027796Z [info     ] Setting the following tasks to queued state (scheduler job_id=8):
	<TaskInstance: marketvol.create_temp_dir scheduled__2026-08-04T18:00:00+00:00 [scheduled] ti_id=019fcdee-b4d4-7d51-bec9-bba4185ff0ca> (id=019fcdee-b4d4-7d51-bec9-bba4185ff0ca, try_number=1) [airflow.jobs.scheduler_job_runner.SchedulerJobRunner] loc=scheduler_job_runner.py:978
2026-08-04T18:00:01.029724Z [info     ] Trying to enqueue tasks: [<TaskInstance: marketvol.create_temp_dir scheduled__2026-08-04T18:00:00+00:00 [scheduled] ti_id=019fcdee-b4d4-7d51-bec9-bba4185ff0ca>] for executor: CeleryExecutor(parallelism=32) [airflow.jobs.scheduler_job_runner.SchedulerJobRunner] loc=scheduler_job_runner.py:1152
2026-08-04T18:00:01.058563Z [info     ] Received executor event with state queued for task instance TaskInstanceKey(dag_id='marketvol', task_id='create_temp_dir', run_id='scheduled__2026-08-04T18:00:00+00:00', try_number=1, map_index=-1) [airflow.jobs.scheduler_job_runner.SchedulerJobRunner] loc=scheduler_job_runner.py:1311
2026-08-04T18:00:01.066940Z [info     ] Setting external_executor_id for <TaskInstance: marketvol.create_temp_dir scheduled__2026-08-04T18:00:00+00:00 [queued] ti_id=019fcdee-b4d4-7d51-bec9-bba4185ff0ca> to 6e308d39-54d1-4a75-a496-1b6dcf4808fb [airflow.jobs.scheduler_job_runner.SchedulerJobRunner] loc=scheduler_job_runner.py:1393
2026-08-04T18:00:02.190779Z [info     ] 2 tasks up for execution:
	<TaskInstance: marketvol.download_aapl_data scheduled__2026-08-04T18:00:00+00:00 [scheduled] ti_id=019fcdee-b4d5-77d1-8f3c-2b9b2550fd22>
	<TaskInstance: marketvol.download_tsla_data scheduled__2026-08-04T18:00:00+00:00 [scheduled] ti_id=019fcdee-b4d6-7891-af1c-ab3afe93df13> [airflow.jobs.scheduler_job_runner.SchedulerJobRunner] loc=scheduler_job_runner.py:719
2026-08-04T18:00:02.191017Z [info     ] DAG marketvol has 0/16 running and queued tasks [airflow.jobs.scheduler_job_runner.SchedulerJobRunner] loc=scheduler_job_runner.py:822
2026-08-04T18:00:02.191203Z [info     ] DAG marketvol has 1/16 running and queued tasks [airflow.jobs.scheduler_job_runner.SchedulerJobRunner] loc=scheduler_job_runner.py:822
2026-08-04T18:00:02.191403Z [info     ] Setting the following tasks to queued state (scheduler job_id=8):
	<TaskInstance: marketvol.download_aapl_data scheduled__2026-08-04T18:00:00+00:00 [scheduled] ti_id=019fcdee-b4d5-77d1-8f3c-2b9b2550fd22> (id=019fcdee-b4d5-77d1-8f3c-2b9b2550fd22, try_number=1)
	<TaskInstance: marketvol.download_tsla_data scheduled__2026-08-04T18:00:00+00:00 [scheduled] ti_id=019fcdee-b4d6-7891-af1c-ab3afe93df13> (id=019fcdee-b4d6-7891-af1c-ab3afe93df13, try_number=1) [airflow.jobs.scheduler_job_runner.SchedulerJobRunner] loc=scheduler_job_runner.py:978
2026-08-04T18:00:02.194452Z [info     ] Trying to enqueue tasks: [<TaskInstance: marketvol.download_aapl_data scheduled__2026-08-04T18:00:00+00:00 [scheduled] ti_id=019fcdee-b4d5-77d1-8f3c-2b9b2550fd22>, <TaskInstance: marketvol.download_tsla_data scheduled__2026-08-04T18:00:00+00:00 [scheduled] ti_id=019fcdee-b4d6-7891-af1c-ab3afe93df13>] for executor: CeleryExecutor(parallelism=32) [airflow.jobs.scheduler_job_runner.SchedulerJobRunner] loc=scheduler_job_runner.py:1152
2026-08-04T18:00:02.338518Z [info     ] Received executor event with state queued for task instance TaskInstanceKey(dag_id='marketvol', task_id='download_aapl_data', run_id='scheduled__2026-08-04T18:00:00+00:00', try_number=1, map_index=-1) [airflow.jobs.scheduler_job_runner.SchedulerJobRunner] loc=scheduler_job_runner.py:1311
2026-08-04T18:00:02.338938Z [info     ] Received executor event with state queued for task instance TaskInstanceKey(dag_id='marketvol', task_id='download_tsla_data', run_id='scheduled__2026-08-04T18:00:00+00:00', try_number=1, map_index=-1) [airflow.jobs.scheduler_job_runner.SchedulerJobRunner] loc=scheduler_job_runner.py:1311
2026-08-04T18:00:02.339314Z [info     ] Received executor event with state success for task instance TaskInstanceKey(dag_id='marketvol', task_id='create_temp_dir', run_id='scheduled__2026-08-04T18:00:00+00:00', try_number=1, map_index=-1) [airflow.jobs.scheduler_job_runner.SchedulerJobRunner] loc=scheduler_job_runner.py:1311
2026-08-04T18:00:02.352935Z [info     ] Setting external_executor_id for <TaskInstance: marketvol.download_tsla_data scheduled__2026-08-04T18:00:00+00:00 [running] ti_id=019fcdee-b4d6-7891-af1c-ab3afe93df13> to d0d0e9ac-c0fc-40b5-b406-372c7abc541e [airflow.jobs.scheduler_job_runner.SchedulerJobRunner] loc=scheduler_job_runner.py:1393
2026-08-04T18:00:02.353323Z [info     ] TaskInstance Finished: dag_id=marketvol, task_id=create_temp_dir, run_id=scheduled__2026-08-04T18:00:00+00:00, map_index=-1, ti_id=019fcdee-b4d4-7d51-bec9-bba4185ff0ca, run_start_date=2026-08-04 18:00:01.074097+00:00, run_end_date=2026-08-04 18:00:01.725176+00:00, run_duration=0.651079, state=success, executor=CeleryExecutor(parallelism=32), executor_state=success, try_number=1, max_tries=2, pool=default_pool, queue=default, priority_weight=6, operator=BashOperator, queued_dttm=2026-08-04 18:00:01.028248+00:00, scheduled_dttm=2026-08-04 18:00:01.008975+00:00,queued_by_job_id=8, pid=19600 [airflow.jobs.scheduler_job_runner.SchedulerJobRunner] loc=scheduler_job_runner.py:1403
2026-08-04T18:00:02.353626Z [info     ] Setting external_executor_id for <TaskInstance: marketvol.download_aapl_data scheduled__2026-08-04T18:00:00+00:00 [running] ti_id=019fcdee-b4d5-77d1-8f3c-2b9b2550fd22> to 78e1651e-d1b6-467e-b118-051273af6339 [airflow.jobs.scheduler_job_runner.SchedulerJobRunner] loc=scheduler_job_runner.py:1393
2026-08-04T18:00:04.636161Z [info     ] 2 tasks up for execution:
	<TaskInstance: marketvol.move_aapl_data scheduled__2026-08-04T18:00:00+00:00 [scheduled] ti_id=019fcdee-b4d7-7829-93a0-016c75035d2b>
	<TaskInstance: marketvol.move_tsla_data scheduled__2026-08-04T18:00:00+00:00 [scheduled] ti_id=019fcdee-b4d8-70f4-b5b0-8598a6d4ac26> [airflow.jobs.scheduler_job_runner.SchedulerJobRunner] loc=scheduler_job_runner.py:719
2026-08-04T18:00:04.636361Z [info     ] DAG marketvol has 0/16 running and queued tasks [airflow.jobs.scheduler_job_runner.SchedulerJobRunner] loc=scheduler_job_runner.py:822
2026-08-04T18:00:04.636534Z [info     ] DAG marketvol has 1/16 running and queued tasks [airflow.jobs.scheduler_job_runner.SchedulerJobRunner] loc=scheduler_job_runner.py:822
2026-08-04T18:00:04.636731Z [info     ] Setting the following tasks to queued state (scheduler job_id=8):
	<TaskInstance: marketvol.move_aapl_data scheduled__2026-08-04T18:00:00+00:00 [scheduled] ti_id=019fcdee-b4d7-7829-93a0-016c75035d2b> (id=019fcdee-b4d7-7829-93a0-016c75035d2b, try_number=1)
	<TaskInstance: marketvol.move_tsla_data scheduled__2026-08-04T18:00:00+00:00 [scheduled] ti_id=019fcdee-b4d8-70f4-b5b0-8598a6d4ac26> (id=019fcdee-b4d8-70f4-b5b0-8598a6d4ac26, try_number=1) [airflow.jobs.scheduler_job_runner.SchedulerJobRunner] loc=scheduler_job_runner.py:978
2026-08-04T18:00:04.638876Z [info     ] Trying to enqueue tasks: [<TaskInstance: marketvol.move_aapl_data scheduled__2026-08-04T18:00:00+00:00 [scheduled] ti_id=019fcdee-b4d7-7829-93a0-016c75035d2b>, <TaskInstance: marketvol.move_tsla_data scheduled__2026-08-04T18:00:00+00:00 [scheduled] ti_id=019fcdee-b4d8-70f4-b5b0-8598a6d4ac26>] for executor: CeleryExecutor(parallelism=32) [airflow.jobs.scheduler_job_runner.SchedulerJobRunner] loc=scheduler_job_runner.py:1152
2026-08-04T18:00:04.768829Z [info     ] Received executor event with state queued for task instance TaskInstanceKey(dag_id='marketvol', task_id='move_aapl_data', run_id='scheduled__2026-08-04T18:00:00+00:00', try_number=1, map_index=-1) [airflow.jobs.scheduler_job_runner.SchedulerJobRunner] loc=scheduler_job_runner.py:1311
2026-08-04T18:00:04.769210Z [info     ] Received executor event with state queued for task instance TaskInstanceKey(dag_id='marketvol', task_id='move_tsla_data', run_id='scheduled__2026-08-04T18:00:00+00:00', try_number=1, map_index=-1) [airflow.jobs.scheduler_job_runner.SchedulerJobRunner] loc=scheduler_job_runner.py:1311
2026-08-04T18:00:04.769361Z [info     ] Received executor event with state success for task instance TaskInstanceKey(dag_id='marketvol', task_id='download_aapl_data', run_id='scheduled__2026-08-04T18:00:00+00:00', try_number=1, map_index=-1) [airflow.jobs.scheduler_job_runner.SchedulerJobRunner] loc=scheduler_job_runner.py:1311
2026-08-04T18:00:04.769527Z [info     ] Received executor event with state success for task instance TaskInstanceKey(dag_id='marketvol', task_id='download_tsla_data', run_id='scheduled__2026-08-04T18:00:00+00:00', try_number=1, map_index=-1) [airflow.jobs.scheduler_job_runner.SchedulerJobRunner] loc=scheduler_job_runner.py:1311
2026-08-04T18:00:04.782080Z [info     ] TaskInstance Finished: dag_id=marketvol, task_id=download_tsla_data, run_id=scheduled__2026-08-04T18:00:00+00:00, map_index=-1, ti_id=019fcdee-b4d6-7891-af1c-ab3afe93df13, run_start_date=2026-08-04 18:00:02.271617+00:00, run_end_date=2026-08-04 18:00:03.554109+00:00, run_duration=1.282492, state=success, executor=CeleryExecutor(parallelism=32), executor_state=success, try_number=1, max_tries=2, pool=default_pool, queue=default, priority_weight=3, operator=PythonOperator, queued_dttm=2026-08-04 18:00:02.191724+00:00, scheduled_dttm=2026-08-04 18:00:02.169545+00:00,queued_by_job_id=8, pid=19604 [airflow.jobs.scheduler_job_runner.SchedulerJobRunner] loc=scheduler_job_runner.py:1403
2026-08-04T18:00:04.782398Z [info     ] Setting external_executor_id for <TaskInstance: marketvol.move_tsla_data scheduled__2026-08-04T18:00:00+00:00 [running] ti_id=019fcdee-b4d8-70f4-b5b0-8598a6d4ac26> to 0234073f-eff9-460a-8b88-1c8a42c83738 [airflow.jobs.scheduler_job_runner.SchedulerJobRunner] loc=scheduler_job_runner.py:1393
2026-08-04T18:00:04.782632Z [info     ] TaskInstance Finished: dag_id=marketvol, task_id=download_aapl_data, run_id=scheduled__2026-08-04T18:00:00+00:00, map_index=-1, ti_id=019fcdee-b4d5-77d1-8f3c-2b9b2550fd22, run_start_date=2026-08-04 18:00:02.266992+00:00, run_end_date=2026-08-04 18:00:03.549854+00:00, run_duration=1.282862, state=success, executor=CeleryExecutor(parallelism=32), executor_state=success, try_number=1, max_tries=2, pool=default_pool, queue=default, priority_weight=3, operator=PythonOperator, queued_dttm=2026-08-04 18:00:02.191724+00:00, scheduled_dttm=2026-08-04 18:00:02.169545+00:00,queued_by_job_id=8, pid=19603 [airflow.jobs.scheduler_job_runner.SchedulerJobRunner] loc=scheduler_job_runner.py:1403
2026-08-04T18:00:06.372914Z [info     ] 1 tasks up for execution:
	<TaskInstance: marketvol.run_market_query scheduled__2026-08-04T18:00:00+00:00 [scheduled] ti_id=019fcdee-b4d9-7290-b104-f581ea4a6149> [airflow.jobs.scheduler_job_runner.SchedulerJobRunner] loc=scheduler_job_runner.py:719
2026-08-04T18:00:06.373117Z [info     ] DAG marketvol has 0/16 running and queued tasks [airflow.jobs.scheduler_job_runner.SchedulerJobRunner] loc=scheduler_job_runner.py:822
2026-08-04T18:00:06.373379Z [info     ] Setting the following tasks to queued state (scheduler job_id=8):
	<TaskInstance: marketvol.run_market_query scheduled__2026-08-04T18:00:00+00:00 [scheduled] ti_id=019fcdee-b4d9-7290-b104-f581ea4a6149> (id=019fcdee-b4d9-7290-b104-f581ea4a6149, try_number=1) [airflow.jobs.scheduler_job_runner.SchedulerJobRunner] loc=scheduler_job_runner.py:978
2026-08-04T18:00:06.375172Z [info     ] Trying to enqueue tasks: [<TaskInstance: marketvol.run_market_query scheduled__2026-08-04T18:00:00+00:00 [scheduled] ti_id=019fcdee-b4d9-7290-b104-f581ea4a6149>] for executor: CeleryExecutor(parallelism=32) [airflow.jobs.scheduler_job_runner.SchedulerJobRunner] loc=scheduler_job_runner.py:1152
2026-08-04T18:00:06.405252Z [info     ] Received executor event with state queued for task instance TaskInstanceKey(dag_id='marketvol', task_id='run_market_query', run_id='scheduled__2026-08-04T18:00:00+00:00', try_number=1, map_index=-1) [airflow.jobs.scheduler_job_runner.SchedulerJobRunner] loc=scheduler_job_runner.py:1311
2026-08-04T18:00:06.405476Z [info     ] Received executor event with state success for task instance TaskInstanceKey(dag_id='marketvol', task_id='move_aapl_data', run_id='scheduled__2026-08-04T18:00:00+00:00', try_number=1, map_index=-1) [airflow.jobs.scheduler_job_runner.SchedulerJobRunner] loc=scheduler_job_runner.py:1311
2026-08-04T18:00:06.405637Z [info     ] Received executor event with state success for task instance TaskInstanceKey(dag_id='marketvol', task_id='move_tsla_data', run_id='scheduled__2026-08-04T18:00:00+00:00', try_number=1, map_index=-1) [airflow.jobs.scheduler_job_runner.SchedulerJobRunner] loc=scheduler_job_runner.py:1311
2026-08-04T18:00:06.414091Z [info     ] Setting external_executor_id for <TaskInstance: marketvol.run_market_query scheduled__2026-08-04T18:00:00+00:00 [queued] ti_id=019fcdee-b4d9-7290-b104-f581ea4a6149> to 70d185fa-6752-43d6-ac5c-a6e1dd4254f5 [airflow.jobs.scheduler_job_runner.SchedulerJobRunner] loc=scheduler_job_runner.py:1393
2026-08-04T18:00:06.414441Z [info     ] TaskInstance Finished: dag_id=marketvol, task_id=move_tsla_data, run_id=scheduled__2026-08-04T18:00:00+00:00, map_index=-1, ti_id=019fcdee-b4d8-70f4-b5b0-8598a6d4ac26, run_start_date=2026-08-04 18:00:04.708102+00:00, run_end_date=2026-08-04 18:00:05.657638+00:00, run_duration=0.949536, state=success, executor=CeleryExecutor(parallelism=32), executor_state=success, try_number=1, max_tries=2, pool=default_pool, queue=default, priority_weight=2, operator=BashOperator, queued_dttm=2026-08-04 18:00:04.637129+00:00, scheduled_dttm=2026-08-04 18:00:04.612760+00:00,queued_by_job_id=8, pid=19618 [airflow.jobs.scheduler_job_runner.SchedulerJobRunner] loc=scheduler_job_runner.py:1403
2026-08-04T18:00:06.414907Z [info     ] TaskInstance Finished: dag_id=marketvol, task_id=move_aapl_data, run_id=scheduled__2026-08-04T18:00:00+00:00, map_index=-1, ti_id=019fcdee-b4d7-7829-93a0-016c75035d2b, run_start_date=2026-08-04 18:00:04.703131+00:00, run_end_date=2026-08-04 18:00:05.644491+00:00, run_duration=0.94136, state=success, executor=CeleryExecutor(parallelism=32), executor_state=success, try_number=1, max_tries=2, pool=default_pool, queue=default, priority_weight=2, operator=BashOperator, queued_dttm=2026-08-04 18:00:04.637129+00:00, scheduled_dttm=2026-08-04 18:00:04.612760+00:00,queued_by_job_id=8, pid=19617 [airflow.jobs.scheduler_job_runner.SchedulerJobRunner] loc=scheduler_job_runner.py:1403
2026-08-04T18:00:07.525881Z [info     ] Marking run <DagRun marketvol @ 2026-08-04 18:00:00+00:00: scheduled__2026-08-04T18:00:00+00:00, state:running, queued_at: 2026-08-04 18:00:00.970124+00:00. run_type: scheduled> successful [airflow.models.dagrun.DagRun] loc=dagrun.py:1249
Dag run in success state
Dag run start:2026-08-04 18:00:00.990323+00:00 end:2026-08-04 18:00:07.526023+00:00
2026-08-04T18:00:07.526208Z [info     ] DagRun Finished: dag_id=marketvol, logical_date=2026-08-04 18:00:00+00:00, run_id=scheduled__2026-08-04T18:00:00+00:00, run_start_date=2026-08-04 18:00:00.990323+00:00, run_end_date=2026-08-04 18:00:07.526023+00:00, run_duration=6.5357, state=success, run_type=scheduled, data_interval_start=2026-08-04 18:00:00+00:00, data_interval_end=2026-08-04 18:00:00+00:00, [airflow.models.dagrun.DagRun] loc=dagrun.py:1315
2026-08-04T18:00:07.561203Z [info     ] Received executor event with state success for task instance TaskInstanceKey(dag_id='marketvol', task_id='run_market_query', run_id='scheduled__2026-08-04T18:00:00+00:00', try_number=1, map_index=-1) [airflow.jobs.scheduler_job_runner.SchedulerJobRunner] loc=scheduler_job_runner.py:1311
2026-08-04T18:00:07.568185Z [info     ] TaskInstance Finished: dag_id=marketvol, task_id=run_market_query, run_id=scheduled__2026-08-04T18:00:00+00:00, map_index=-1, ti_id=019fcdee-b4d9-7290-b104-f581ea4a6149, run_start_date=2026-08-04 18:00:06.417808+00:00, run_end_date=2026-08-04 18:00:07.095975+00:00, run_duration=0.678167, state=success, executor=CeleryExecutor(parallelism=32), executor_state=success, try_number=1, max_tries=2, pool=default_pool, queue=default, priority_weight=1, operator=PythonOperator, queued_dttm=2026-08-04 18:00:06.373744+00:00, scheduled_dttm=2026-08-04 18:00:06.350272+00:00,queued_by_job_id=8, pid=19627 [airflow.jobs.scheduler_job_runner.SchedulerJobRunner] loc=scheduler_job_runner.py:1403
2026-08-04T18:03:58.938490Z [info     ] Adopting or resetting orphaned tasks for active dag runs [airflow.jobs.scheduler_job_runner.SchedulerJobRunner] loc=scheduler_job_runner.py:3244
2026-08-04T18:08:58.954588Z [info     ] Adopting or resetting orphaned tasks for active dag runs [airflow.jobs.scheduler_job_runner.SchedulerJobRunner] loc=scheduler_job_runner.py:3244
2026-08-04T18:13:58.978318Z [info     ] Adopting or resetting orphaned tasks for active dag runs [airflow.jobs.scheduler_job_runner.SchedulerJobRunner] loc=scheduler_job_runner.py:3244
2026-08-04T18:18:58.996226Z [info     ] Adopting or resetting orphaned tasks for active dag runs [airflow.jobs.scheduler_job_runner.SchedulerJobRunner] loc=scheduler_job_runner.py:3244
2026-08-04T18:23:59.016023Z [info     ] Adopting or resetting orphaned tasks for active dag runs [airflow.jobs.scheduler_job_runner.SchedulerJobRunner] loc=scheduler_job_runner.py:3244
2026-08-04T18:28:59.034584Z [info     ] Adopting or resetting orphaned tasks for active dag runs [airflow.jobs.scheduler_job_runner.SchedulerJobRunner] loc=scheduler_job_runner.py:3244
2026-08-04T18:33:59.051860Z [info     ] Adopting or resetting orphaned tasks for active dag runs [airflow.jobs.scheduler_job_runner.SchedulerJobRunner] loc=scheduler_job_runner.py:3244
2026-08-04T18:38:59.076091Z [info     ] Adopting or resetting orphaned tasks for active dag runs [airflow.jobs.scheduler_job_runner.SchedulerJobRunner] loc=scheduler_job_runner.py:3244
2026-08-04T18:43:59.093275Z [info     ] Adopting or resetting orphaned tasks for active dag runs [airflow.jobs.scheduler_job_runner.SchedulerJobRunner] loc=scheduler_job_runner.py:3244
2026-08-04T18:48:59.110151Z [info     ] Adopting or resetting orphaned tasks for active dag runs [airflow.jobs.scheduler_job_runner.SchedulerJobRunner] loc=scheduler_job_runner.py:3244
2026-08-04T18:53:59.126921Z [info     ] Adopting or resetting orphaned tasks for active dag runs [airflow.jobs.scheduler_job_runner.SchedulerJobRunner] loc=scheduler_job_runner.py:3244
2026-08-04T18:58:59.149887Z [info     ] Adopting or resetting orphaned tasks for active dag runs [airflow.jobs.scheduler_job_runner.SchedulerJobRunner] loc=scheduler_job_runner.py:3244
2026-08-04T19:03:59.170373Z [info     ] Adopting or resetting orphaned tasks for active dag runs [airflow.jobs.scheduler_job_runner.SchedulerJobRunner] loc=scheduler_job_runner.py:3244
2026-08-04T19:08:59.197748Z [info     ] Adopting or resetting orphaned tasks for active dag runs [airflow.jobs.scheduler_job_runner.SchedulerJobRunner] loc=scheduler_job_runner.py:3244
2026-08-04T19:13:59.220533Z [info     ] Adopting or resetting orphaned tasks for active dag runs [airflow.jobs.scheduler_job_runner.SchedulerJobRunner] loc=scheduler_job_runner.py:3244
2026-08-04T19:18:59.240417Z [info     ] Adopting or resetting orphaned tasks for active dag runs [airflow.jobs.scheduler_job_runner.SchedulerJobRunner] loc=scheduler_job_runner.py:3244
2026-08-04T19:23:59.262361Z [info     ] Adopting or resetting orphaned tasks for active dag runs [airflow.jobs.scheduler_job_runner.SchedulerJobRunner] loc=scheduler_job_runner.py:3244
2026-08-04T19:28:59.287738Z [info     ] Adopting or resetting orphaned tasks for active dag runs [airflow.jobs.scheduler_job_runner.SchedulerJobRunner] loc=scheduler_job_runner.py:3244
2026-08-04T19:33:59.304074Z [info     ] Adopting or resetting orphaned tasks for active dag runs [airflow.jobs.scheduler_job_runner.SchedulerJobRunner] loc=scheduler_job_runner.py:3244
2026-08-04T19:38:59.327882Z [info     ] Adopting or resetting orphaned tasks for active dag runs [airflow.jobs.scheduler_job_runner.SchedulerJobRunner] loc=scheduler_job_runner.py:3244
2026-08-04T19:43:59.359538Z [info     ] Adopting or resetting orphaned tasks for active dag runs [airflow.jobs.scheduler_job_runner.SchedulerJobRunner] loc=scheduler_job_runner.py:3244
2026-08-04T19:48:59.402707Z [info     ] Adopting or resetting orphaned tasks for active dag runs [airflow.jobs.scheduler_job_runner.SchedulerJobRunner] loc=scheduler_job_runner.py:3244
2026-08-04T19:53:59.434367Z [info     ] Adopting or resetting orphaned tasks for active dag runs [airflow.jobs.scheduler_job_runner.SchedulerJobRunner] loc=scheduler_job_runner.py:3244
2026-08-04T19:58:59.452883Z [info     ] Adopting or resetting orphaned tasks for active dag runs [airflow.jobs.scheduler_job_runner.SchedulerJobRunner] loc=scheduler_job_runner.py:3244
2026-08-04T20:03:59.474652Z [info     ] Adopting or resetting orphaned tasks for active dag runs [airflow.jobs.scheduler_job_runner.SchedulerJobRunner] loc=scheduler_job_runner.py:3244
2026-08-04T20:08:59.494494Z [info     ] Adopting or resetting orphaned tasks for active dag runs [airflow.jobs.scheduler_job_runner.SchedulerJobRunner] loc=scheduler_job_runner.py:3244
2026-08-04T20:13:59.525049Z [info     ] Adopting or resetting orphaned tasks for active dag runs [airflow.jobs.scheduler_job_runner.SchedulerJobRunner] loc=scheduler_job_runner.py:3244
2026-08-04T20:18:59.548744Z [info     ] Adopting or resetting orphaned tasks for active dag runs [airflow.jobs.scheduler_job_runner.SchedulerJobRunner] loc=scheduler_job_runner.py:3244
2026-08-04T20:23:59.565410Z [info     ] Adopting or resetting orphaned tasks for active dag runs [airflow.jobs.scheduler_job_runner.SchedulerJobRunner] loc=scheduler_job_runner.py:3244
2026-08-04T20:28:59.583107Z [info     ] Adopting or resetting orphaned tasks for active dag runs [airflow.jobs.scheduler_job_runner.SchedulerJobRunner] loc=scheduler_job_runner.py:3244
2026-08-04T20:33:59.622852Z [info     ] Adopting or resetting orphaned tasks for active dag runs [airflow.jobs.scheduler_job_runner.SchedulerJobRunner] loc=scheduler_job_runner.py:3244
2026-08-04T20:38:59.657134Z [info     ] Adopting or resetting orphaned tasks for active dag runs [airflow.jobs.scheduler_job_runner.SchedulerJobRunner] loc=scheduler_job_runner.py:3244
2026-08-04T20:43:59.679991Z [info     ] Adopting or resetting orphaned tasks for active dag runs [airflow.jobs.scheduler_job_runner.SchedulerJobRunner] loc=scheduler_job_runner.py:3244
2026-08-04T20:48:59.709917Z [info     ] Adopting or resetting orphaned tasks for active dag runs [airflow.jobs.scheduler_job_runner.SchedulerJobRunner] loc=scheduler_job_runner.py:3244
2026-08-04T20:53:59.741308Z [info     ] Adopting or resetting orphaned tasks for active dag runs [airflow.jobs.scheduler_job_runner.SchedulerJobRunner] loc=scheduler_job_runner.py:3244
2026-08-04T20:58:59.759516Z [info     ] Adopting or resetting orphaned tasks for active dag runs [airflow.jobs.scheduler_job_runner.SchedulerJobRunner] loc=scheduler_job_runner.py:3244
2026-08-04T21:03:59.786424Z [info     ] Adopting or resetting orphaned tasks for active dag runs [airflow.jobs.scheduler_job_runner.SchedulerJobRunner] loc=scheduler_job_runner.py:3244
2026-08-04T21:08:59.833369Z [info     ] Adopting or resetting orphaned tasks for active dag runs [airflow.jobs.scheduler_job_runner.SchedulerJobRunner] loc=scheduler_job_runner.py:3244
2026-08-04T21:13:59.878773Z [info     ] Adopting or resetting orphaned tasks for active dag runs [airflow.jobs.scheduler_job_runner.SchedulerJobRunner] loc=scheduler_job_runner.py:3244
2026-08-04T21:18:59.915077Z [info     ] Adopting or resetting orphaned tasks for active dag runs [airflow.jobs.scheduler_job_runner.SchedulerJobRunner] loc=scheduler_job_runner.py:3244
2026-08-04T21:23:59.937352Z [info     ] Adopting or resetting orphaned tasks for active dag runs [airflow.jobs.scheduler_job_runner.SchedulerJobRunner] loc=scheduler_job_runner.py:3244
2026-08-04T21:28:59.928147Z [info     ] Adopting or resetting orphaned tasks for active dag runs [airflow.jobs.scheduler_job_runner.SchedulerJobRunner] loc=scheduler_job_runner.py:3244
2026-08-04T21:33:59.944554Z [info     ] Adopting or resetting orphaned tasks for active dag runs [airflow.jobs.scheduler_job_runner.SchedulerJobRunner] loc=scheduler_job_runner.py:3244
2026-08-04T21:38:59.980053Z [info     ] Adopting or resetting orphaned tasks for active dag runs [airflow.jobs.scheduler_job_runner.SchedulerJobRunner] loc=scheduler_job_runner.py:3244
2026-08-04T21:44:00.011543Z [info     ] Adopting or resetting orphaned tasks for active dag runs [airflow.jobs.scheduler_job_runner.SchedulerJobRunner] loc=scheduler_job_runner.py:3244
2026-08-04T21:49:00.038527Z [info     ] Adopting or resetting orphaned tasks for active dag runs [airflow.jobs.scheduler_job_runner.SchedulerJobRunner] loc=scheduler_job_runner.py:3244
2026-08-04T21:54:00.073994Z [info     ] Adopting or resetting orphaned tasks for active dag runs [airflow.jobs.scheduler_job_runner.SchedulerJobRunner] loc=scheduler_job_runner.py:3244
2026-08-04T21:59:00.101063Z [info     ] Adopting or resetting orphaned tasks for active dag runs [airflow.jobs.scheduler_job_runner.SchedulerJobRunner] loc=scheduler_job_runner.py:3244
2026-08-04T22:04:00.123870Z [info     ] Adopting or resetting orphaned tasks for active dag runs [airflow.jobs.scheduler_job_runner.SchedulerJobRunner] loc=scheduler_job_runner.py:3244
2026-08-04T22:09:00.146863Z [info     ] Adopting or resetting orphaned tasks for active dag runs [airflow.jobs.scheduler_job_runner.SchedulerJobRunner] loc=scheduler_job_runner.py:3244
2026-08-04T22:14:00.175480Z [info     ] Adopting or resetting orphaned tasks for active dag runs [airflow.jobs.scheduler_job_runner.SchedulerJobRunner] loc=scheduler_job_runner.py:3244
2026-08-04T22:19:00.194070Z [info     ] Adopting or resetting orphaned tasks for active dag runs [airflow.jobs.scheduler_job_runner.SchedulerJobRunner] loc=scheduler_job_runner.py:3244
2026-08-04T22:24:00.211536Z [info     ] Adopting or resetting orphaned tasks for active dag runs [airflow.jobs.scheduler_job_runner.SchedulerJobRunner] loc=scheduler_job_runner.py:3244
2026-08-04T22:29:00.238646Z [info     ] Adopting or resetting orphaned tasks for active dag runs [airflow.jobs.scheduler_job_runner.SchedulerJobRunner] loc=scheduler_job_runner.py:3244
2026-08-04T22:34:00.261718Z [info     ] Adopting or resetting orphaned tasks for active dag runs [airflow.jobs.scheduler_job_runner.SchedulerJobRunner] loc=scheduler_job_runner.py:3244
2026-08-04T22:39:00.278443Z [info     ] Adopting or resetting orphaned tasks for active dag runs [airflow.jobs.scheduler_job_runner.SchedulerJobRunner] loc=scheduler_job_runner.py:3244
2026-08-04T22:44:00.300627Z [info     ] Adopting or resetting orphaned tasks for active dag runs [airflow.jobs.scheduler_job_runner.SchedulerJobRunner] loc=scheduler_job_runner.py:3244
2026-08-04T22:49:00.301971Z [info     ] Adopting or resetting orphaned tasks for active dag runs [airflow.jobs.scheduler_job_runner.SchedulerJobRunner] loc=scheduler_job_runner.py:3244
2026-08-04T22:54:00.329008Z [info     ] Adopting or resetting orphaned tasks for active dag runs [airflow.jobs.scheduler_job_runner.SchedulerJobRunner] loc=scheduler_job_runner.py:3244
2026-08-04T22:59:00.349332Z [info     ] Adopting or resetting orphaned tasks for active dag runs [airflow.jobs.scheduler_job_runner.SchedulerJobRunner] loc=scheduler_job_runner.py:3244
2026-08-04T23:04:00.369508Z [info     ] Adopting or resetting orphaned tasks for active dag runs [airflow.jobs.scheduler_job_runner.SchedulerJobRunner] loc=scheduler_job_runner.py:3244
2026-08-04T23:09:00.386942Z [info     ] Adopting or resetting orphaned tasks for active dag runs [airflow.jobs.scheduler_job_runner.SchedulerJobRunner] loc=scheduler_job_runner.py:3244
2026-08-04T23:14:00.407121Z [info     ] Adopting or resetting orphaned tasks for active dag runs [airflow.jobs.scheduler_job_runner.SchedulerJobRunner] loc=scheduler_job_runner.py:3244
2026-08-04T23:19:00.421731Z [info     ] Adopting or resetting orphaned tasks for active dag runs [airflow.jobs.scheduler_job_runner.SchedulerJobRunner] loc=scheduler_job_runner.py:3244
2026-08-04T23:24:00.455937Z [info     ] Adopting or resetting orphaned tasks for active dag runs [airflow.jobs.scheduler_job_runner.SchedulerJobRunner] loc=scheduler_job_runner.py:3244
2026-08-04T23:29:00.481344Z [info     ] Adopting or resetting orphaned tasks for active dag runs [airflow.jobs.scheduler_job_runner.SchedulerJobRunner] loc=scheduler_job_runner.py:3244
2026-08-04T23:34:00.504184Z [info     ] Adopting or resetting orphaned tasks for active dag runs [airflow.jobs.scheduler_job_runner.SchedulerJobRunner] loc=scheduler_job_runner.py:3244
2026-08-04T23:39:00.527201Z [info     ] Adopting or resetting orphaned tasks for active dag runs [airflow.jobs.scheduler_job_runner.SchedulerJobRunner] loc=scheduler_job_runner.py:3244
2026-08-04T23:44:00.564895Z [info     ] Adopting or resetting orphaned tasks for active dag runs [airflow.jobs.scheduler_job_runner.SchedulerJobRunner] loc=scheduler_job_runner.py:3244
2026-08-04T23:49:00.590566Z [info     ] Adopting or resetting orphaned tasks for active dag runs [airflow.jobs.scheduler_job_runner.SchedulerJobRunner] loc=scheduler_job_runner.py:3244
2026-08-04T23:54:00.614713Z [info     ] Adopting or resetting orphaned tasks for active dag runs [airflow.jobs.scheduler_job_runner.SchedulerJobRunner] loc=scheduler_job_runner.py:3244
2026-08-04T23:59:00.642845Z [info     ] Adopting or resetting orphaned tasks for active dag runs [airflow.jobs.scheduler_job_runner.SchedulerJobRunner] loc=scheduler_job_runner.py:3244
2026-08-05T00:04:00.676788Z [info     ] Adopting or resetting orphaned tasks for active dag runs [airflow.jobs.scheduler_job_runner.SchedulerJobRunner] loc=scheduler_job_runner.py:3244
2026-08-05T00:09:00.695730Z [info     ] Adopting or resetting orphaned tasks for active dag runs [airflow.jobs.scheduler_job_runner.SchedulerJobRunner] loc=scheduler_job_runner.py:3244
2026-08-05T00:14:00.718240Z [info     ] Adopting or resetting orphaned tasks for active dag runs [airflow.jobs.scheduler_job_runner.SchedulerJobRunner] loc=scheduler_job_runner.py:3244
2026-08-05T00:19:00.747079Z [info     ] Adopting or resetting orphaned tasks for active dag runs [airflow.jobs.scheduler_job_runner.SchedulerJobRunner] loc=scheduler_job_runner.py:3244
2026-08-05T00:24:00.769241Z [info     ] Adopting or resetting orphaned tasks for active dag runs [airflow.jobs.scheduler_job_runner.SchedulerJobRunner] loc=scheduler_job_runner.py:3244
2026-08-05T00:29:00.796329Z [info     ] Adopting or resetting orphaned tasks for active dag runs [airflow.jobs.scheduler_job_runner.SchedulerJobRunner] loc=scheduler_job_runner.py:3244
2026-08-05T00:34:00.833111Z [info     ] Adopting or resetting orphaned tasks for active dag runs [airflow.jobs.scheduler_job_runner.SchedulerJobRunner] loc=scheduler_job_runner.py:3244
2026-08-05T00:39:00.855106Z [info     ] Adopting or resetting orphaned tasks for active dag runs [airflow.jobs.scheduler_job_runner.SchedulerJobRunner] loc=scheduler_job_runner.py:3244
2026-08-05T00:44:00.895082Z [info     ] Adopting or resetting orphaned tasks for active dag runs [airflow.jobs.scheduler_job_runner.SchedulerJobRunner] loc=scheduler_job_runner.py:3244
2026-08-05T00:49:00.927970Z [info     ] Adopting or resetting orphaned tasks for active dag runs [airflow.jobs.scheduler_job_runner.SchedulerJobRunner] loc=scheduler_job_runner.py:3244
2026-08-05T00:54:00.950836Z [info     ] Adopting or resetting orphaned tasks for active dag runs [airflow.jobs.scheduler_job_runner.SchedulerJobRunner] loc=scheduler_job_runner.py:3244
2026-08-05T00:59:00.971961Z [info     ] Adopting or resetting orphaned tasks for active dag runs [airflow.jobs.scheduler_job_runner.SchedulerJobRunner] loc=scheduler_job_runner.py:3244
2026-08-05T01:04:00.992560Z [info     ] Adopting or resetting orphaned tasks for active dag runs [airflow.jobs.scheduler_job_runner.SchedulerJobRunner] loc=scheduler_job_runner.py:3244
2026-08-05T01:09:01.016005Z [info     ] Adopting or resetting orphaned tasks for active dag runs [airflow.jobs.scheduler_job_runner.SchedulerJobRunner] loc=scheduler_job_runner.py:3244
2026-08-05T01:14:01.037226Z [info     ] Adopting or resetting orphaned tasks for active dag runs [airflow.jobs.scheduler_job_runner.SchedulerJobRunner] loc=scheduler_job_runner.py:3244
2026-08-05T01:19:01.070535Z [info     ] Adopting or resetting orphaned tasks for active dag runs [airflow.jobs.scheduler_job_runner.SchedulerJobRunner] loc=scheduler_job_runner.py:3244
2026-08-05T01:24:01.095428Z [info     ] Adopting or resetting orphaned tasks for active dag runs [airflow.jobs.scheduler_job_runner.SchedulerJobRunner] loc=scheduler_job_runner.py:3244
2026-08-05T01:29:01.118858Z [info     ] Adopting or resetting orphaned tasks for active dag runs [airflow.jobs.scheduler_job_runner.SchedulerJobRunner] loc=scheduler_job_runner.py:3244
2026-08-05T01:34:01.145907Z [info     ] Adopting or resetting orphaned tasks for active dag runs [airflow.jobs.scheduler_job_runner.SchedulerJobRunner] loc=scheduler_job_runner.py:3244
2026-08-05T01:39:01.168502Z [info     ] Adopting or resetting orphaned tasks for active dag runs [airflow.jobs.scheduler_job_runner.SchedulerJobRunner] loc=scheduler_job_runner.py:3244
2026-08-05T01:44:01.203971Z [info     ] Adopting or resetting orphaned tasks for active dag runs [airflow.jobs.scheduler_job_runner.SchedulerJobRunner] loc=scheduler_job_runner.py:3244
2026-08-05T01:49:01.222808Z [info     ] Adopting or resetting orphaned tasks for active dag runs [airflow.jobs.scheduler_job_runner.SchedulerJobRunner] loc=scheduler_job_runner.py:3244
2026-08-05T01:54:01.253202Z [info     ] Adopting or resetting orphaned tasks for active dag runs [airflow.jobs.scheduler_job_runner.SchedulerJobRunner] loc=scheduler_job_runner.py:3244
2026-08-05T01:59:01.274911Z [info     ] Adopting or resetting orphaned tasks for active dag runs [airflow.jobs.scheduler_job_runner.SchedulerJobRunner] loc=scheduler_job_runner.py:3244
2026-08-05T02:04:01.292070Z [info     ] Adopting or resetting orphaned tasks for active dag runs [airflow.jobs.scheduler_job_runner.SchedulerJobRunner] loc=scheduler_job_runner.py:3244
2026-08-05T02:09:01.312192Z [info     ] Adopting or resetting orphaned tasks for active dag runs [airflow.jobs.scheduler_job_runner.SchedulerJobRunner] loc=scheduler_job_runner.py:3244
2026-08-05T02:14:01.328006Z [info     ] Adopting or resetting orphaned tasks for active dag runs [airflow.jobs.scheduler_job_runner.SchedulerJobRunner] loc=scheduler_job_runner.py:3244
2026-08-05T02:19:01.366694Z [info     ] Adopting or resetting orphaned tasks for active dag runs [airflow.jobs.scheduler_job_runner.SchedulerJobRunner] loc=scheduler_job_runner.py:3244
2026-08-05T02:24:01.400094Z [info     ] Adopting or resetting orphaned tasks for active dag runs [airflow.jobs.scheduler_job_runner.SchedulerJobRunner] loc=scheduler_job_runner.py:3244
2026-08-05T02:29:01.419353Z [info     ] Adopting or resetting orphaned tasks for active dag runs [airflow.jobs.scheduler_job_runner.SchedulerJobRunner] loc=scheduler_job_runner.py:3244
2026-08-05T02:34:01.438529Z [info     ] Adopting or resetting orphaned tasks for active dag runs [airflow.jobs.scheduler_job_runner.SchedulerJobRunner] loc=scheduler_job_runner.py:3244
2026-08-05T02:39:01.461467Z [info     ] Adopting or resetting orphaned tasks for active dag runs [airflow.jobs.scheduler_job_runner.SchedulerJobRunner] loc=scheduler_job_runner.py:3244
2026-08-05T02:44:01.477596Z [info     ] Adopting or resetting orphaned tasks for active dag runs [airflow.jobs.scheduler_job_runner.SchedulerJobRunner] loc=scheduler_job_runner.py:3244
2026-08-05T02:49:01.502322Z [info     ] Adopting or resetting orphaned tasks for active dag runs [airflow.jobs.scheduler_job_runner.SchedulerJobRunner] loc=scheduler_job_runner.py:3244
2026-08-05T02:54:01.529778Z [info     ] Adopting or resetting orphaned tasks for active dag runs [airflow.jobs.scheduler_job_runner.SchedulerJobRunner] loc=scheduler_job_runner.py:3244
2026-08-05T02:59:01.552454Z [info     ] Adopting or resetting orphaned tasks for active dag runs [airflow.jobs.scheduler_job_runner.SchedulerJobRunner] loc=scheduler_job_runner.py:3244
2026-08-05T03:04:01.574746Z [info     ] Adopting or resetting orphaned tasks for active dag runs [airflow.jobs.scheduler_job_runner.SchedulerJobRunner] loc=scheduler_job_runner.py:3244
2026-08-05T03:09:01.600519Z [info     ] Adopting or resetting orphaned tasks for active dag runs [airflow.jobs.scheduler_job_runner.SchedulerJobRunner] loc=scheduler_job_runner.py:3244
2026-08-05T03:14:01.617825Z [info     ] Adopting or resetting orphaned tasks for active dag runs [airflow.jobs.scheduler_job_runner.SchedulerJobRunner] loc=scheduler_job_runner.py:3244
2026-08-05T03:19:01.652014Z [info     ] Adopting or resetting orphaned tasks for active dag runs [airflow.jobs.scheduler_job_runner.SchedulerJobRunner] loc=scheduler_job_runner.py:3244
2026-08-05T03:24:01.685346Z [info     ] Adopting or resetting orphaned tasks for active dag runs [airflow.jobs.scheduler_job_runner.SchedulerJobRunner] loc=scheduler_job_runner.py:3244
2026-08-05T03:29:01.710925Z [info     ] Adopting or resetting orphaned tasks for active dag runs [airflow.jobs.scheduler_job_runner.SchedulerJobRunner] loc=scheduler_job_runner.py:3244
2026-08-05T03:34:01.731601Z [info     ] Adopting or resetting orphaned tasks for active dag runs [airflow.jobs.scheduler_job_runner.SchedulerJobRunner] loc=scheduler_job_runner.py:3244
2026-08-05T03:39:01.748446Z [info     ] Adopting or resetting orphaned tasks for active dag runs [airflow.jobs.scheduler_job_runner.SchedulerJobRunner] loc=scheduler_job_runner.py:3244
2026-08-05T03:44:01.769832Z [info     ] Adopting or resetting orphaned tasks for active dag runs [airflow.jobs.scheduler_job_runner.SchedulerJobRunner] loc=scheduler_job_runner.py:3244
2026-08-05T03:49:01.772744Z [info     ] Adopting or resetting orphaned tasks for active dag runs [airflow.jobs.scheduler_job_runner.SchedulerJobRunner] loc=scheduler_job_runner.py:3244
2026-08-05T03:54:01.791105Z [info     ] Adopting or resetting orphaned tasks for active dag runs [airflow.jobs.scheduler_job_runner.SchedulerJobRunner] loc=scheduler_job_runner.py:3244
2026-08-05T03:59:01.816766Z [info     ] Adopting or resetting orphaned tasks for active dag runs [airflow.jobs.scheduler_job_runner.SchedulerJobRunner] loc=scheduler_job_runner.py:3244
2026-08-05T04:04:01.833661Z [info     ] Adopting or resetting orphaned tasks for active dag runs [airflow.jobs.scheduler_job_runner.SchedulerJobRunner] loc=scheduler_job_runner.py:3244
2026-08-05T04:09:01.857252Z [info     ] Adopting or resetting orphaned tasks for active dag runs [airflow.jobs.scheduler_job_runner.SchedulerJobRunner] loc=scheduler_job_runner.py:3244
2026-08-05T04:14:01.880513Z [info     ] Adopting or resetting orphaned tasks for active dag runs [airflow.jobs.scheduler_job_runner.SchedulerJobRunner] loc=scheduler_job_runner.py:3244
2026-08-05T04:19:01.911718Z [info     ] Adopting or resetting orphaned tasks for active dag runs [airflow.jobs.scheduler_job_runner.SchedulerJobRunner] loc=scheduler_job_runner.py:3244
2026-08-05T04:24:01.935836Z [info     ] Adopting or resetting orphaned tasks for active dag runs [airflow.jobs.scheduler_job_runner.SchedulerJobRunner] loc=scheduler_job_runner.py:3244
2026-08-05T04:29:01.974916Z [info     ] Adopting or resetting orphaned tasks for active dag runs [airflow.jobs.scheduler_job_runner.SchedulerJobRunner] loc=scheduler_job_runner.py:3244
2026-08-05T04:34:01.994255Z [info     ] Adopting or resetting orphaned tasks for active dag runs [airflow.jobs.scheduler_job_runner.SchedulerJobRunner] loc=scheduler_job_runner.py:3244
2026-08-05T04:39:02.031075Z [info     ] Adopting or resetting orphaned tasks for active dag runs [airflow.jobs.scheduler_job_runner.SchedulerJobRunner] loc=scheduler_job_runner.py:3244
2026-08-05T04:44:02.049773Z [info     ] Adopting or resetting orphaned tasks for active dag runs [airflow.jobs.scheduler_job_runner.SchedulerJobRunner] loc=scheduler_job_runner.py:3244
2026-08-05T04:49:02.078978Z [info     ] Adopting or resetting orphaned tasks for active dag runs [airflow.jobs.scheduler_job_runner.SchedulerJobRunner] loc=scheduler_job_runner.py:3244
2026-08-05T04:54:02.103976Z [info     ] Adopting or resetting orphaned tasks for active dag runs [airflow.jobs.scheduler_job_runner.SchedulerJobRunner] loc=scheduler_job_runner.py:3244
2026-08-05T04:59:02.121968Z [info     ] Adopting or resetting orphaned tasks for active dag runs [airflow.jobs.scheduler_job_runner.SchedulerJobRunner] loc=scheduler_job_runner.py:3244
2026-08-05T05:04:02.142792Z [info     ] Adopting or resetting orphaned tasks for active dag runs [airflow.jobs.scheduler_job_runner.SchedulerJobRunner] loc=scheduler_job_runner.py:3244
2026-08-05T05:09:02.161716Z [info     ] Adopting or resetting orphaned tasks for active dag runs [airflow.jobs.scheduler_job_runner.SchedulerJobRunner] loc=scheduler_job_runner.py:3244
2026-08-05T05:14:02.192790Z [info     ] Adopting or resetting orphaned tasks for active dag runs [airflow.jobs.scheduler_job_runner.SchedulerJobRunner] loc=scheduler_job_runner.py:3244
2026-08-05T05:19:02.219096Z [info     ] Adopting or resetting orphaned tasks for active dag runs [airflow.jobs.scheduler_job_runner.SchedulerJobRunner] loc=scheduler_job_runner.py:3244
2026-08-05T05:24:02.244986Z [info     ] Adopting or resetting orphaned tasks for active dag runs [airflow.jobs.scheduler_job_runner.SchedulerJobRunner] loc=scheduler_job_runner.py:3244
2026-08-05T05:29:02.277529Z [info     ] Adopting or resetting orphaned tasks for active dag runs [airflow.jobs.scheduler_job_runner.SchedulerJobRunner] loc=scheduler_job_runner.py:3244
2026-08-05T05:34:02.309084Z [info     ] Adopting or resetting orphaned tasks for active dag runs [airflow.jobs.scheduler_job_runner.SchedulerJobRunner] loc=scheduler_job_runner.py:3244
2026-08-05T05:39:02.344232Z [info     ] Adopting or resetting orphaned tasks for active dag runs [airflow.jobs.scheduler_job_runner.SchedulerJobRunner] loc=scheduler_job_runner.py:3244
2026-08-05T05:44:02.375268Z [info     ] Adopting or resetting orphaned tasks for active dag runs [airflow.jobs.scheduler_job_runner.SchedulerJobRunner] loc=scheduler_job_runner.py:3244
2026-08-05T05:49:02.393440Z [info     ] Adopting or resetting orphaned tasks for active dag runs [airflow.jobs.scheduler_job_runner.SchedulerJobRunner] loc=scheduler_job_runner.py:3244
2026-08-05T05:54:02.426735Z [info     ] Adopting or resetting orphaned tasks for active dag runs [airflow.jobs.scheduler_job_runner.SchedulerJobRunner] loc=scheduler_job_runner.py:3244
2026-08-05T05:59:02.456418Z [info     ] Adopting or resetting orphaned tasks for active dag runs [airflow.jobs.scheduler_job_runner.SchedulerJobRunner] loc=scheduler_job_runner.py:3244
2026-08-05T06:04:02.490640Z [info     ] Adopting or resetting orphaned tasks for active dag runs [airflow.jobs.scheduler_job_runner.SchedulerJobRunner] loc=scheduler_job_runner.py:3244
2026-08-05T06:09:02.509395Z [info     ] Adopting or resetting orphaned tasks for active dag runs [airflow.jobs.scheduler_job_runner.SchedulerJobRunner] loc=scheduler_job_runner.py:3244
2026-08-05T06:14:02.540546Z [info     ] Adopting or resetting orphaned tasks for active dag runs [airflow.jobs.scheduler_job_runner.SchedulerJobRunner] loc=scheduler_job_runner.py:3244
2026-08-05T06:19:02.557998Z [info     ] Adopting or resetting orphaned tasks for active dag runs [airflow.jobs.scheduler_job_runner.SchedulerJobRunner] loc=scheduler_job_runner.py:3244
2026-08-05T06:24:02.579739Z [info     ] Adopting or resetting orphaned tasks for active dag runs [airflow.jobs.scheduler_job_runner.SchedulerJobRunner] loc=scheduler_job_runner.py:3244
2026-08-05T06:29:02.600205Z [info     ] Adopting or resetting orphaned tasks for active dag runs [airflow.jobs.scheduler_job_runner.SchedulerJobRunner] loc=scheduler_job_runner.py:3244
2026-08-05T06:34:02.621143Z [info     ] Adopting or resetting orphaned tasks for active dag runs [airflow.jobs.scheduler_job_runner.SchedulerJobRunner] loc=scheduler_job_runner.py:3244
2026-08-05T06:39:02.637394Z [info     ] Adopting or resetting orphaned tasks for active dag runs [airflow.jobs.scheduler_job_runner.SchedulerJobRunner] loc=scheduler_job_runner.py:3244
2026-08-05T06:44:02.667972Z [info     ] Adopting or resetting orphaned tasks for active dag runs [airflow.jobs.scheduler_job_runner.SchedulerJobRunner] loc=scheduler_job_runner.py:3244
2026-08-05T06:49:02.688738Z [info     ] Adopting or resetting orphaned tasks for active dag runs [airflow.jobs.scheduler_job_runner.SchedulerJobRunner] loc=scheduler_job_runner.py:3244
2026-08-05T06:54:02.711187Z [info     ] Adopting or resetting orphaned tasks for active dag runs [airflow.jobs.scheduler_job_runner.SchedulerJobRunner] loc=scheduler_job_runner.py:3244
2026-08-05T06:59:02.734347Z [info     ] Adopting or resetting orphaned tasks for active dag runs [airflow.jobs.scheduler_job_runner.SchedulerJobRunner] loc=scheduler_job_runner.py:3244
2026-08-05T07:04:02.756693Z [info     ] Adopting or resetting orphaned tasks for active dag runs [airflow.jobs.scheduler_job_runner.SchedulerJobRunner] loc=scheduler_job_runner.py:3244
2026-08-05T07:09:02.775909Z [info     ] Adopting or resetting orphaned tasks for active dag runs [airflow.jobs.scheduler_job_runner.SchedulerJobRunner] loc=scheduler_job_runner.py:3244
2026-08-05T07:14:02.810683Z [info     ] Adopting or resetting orphaned tasks for active dag runs [airflow.jobs.scheduler_job_runner.SchedulerJobRunner] loc=scheduler_job_runner.py:3244
2026-08-05T07:19:02.837081Z [info     ] Adopting or resetting orphaned tasks for active dag runs [airflow.jobs.scheduler_job_runner.SchedulerJobRunner] loc=scheduler_job_runner.py:3244
2026-08-05T07:24:02.858300Z [info     ] Adopting or resetting orphaned tasks for active dag runs [airflow.jobs.scheduler_job_runner.SchedulerJobRunner] loc=scheduler_job_runner.py:3244
2026-08-05T07:29:02.878985Z [info     ] Adopting or resetting orphaned tasks for active dag runs [airflow.jobs.scheduler_job_runner.SchedulerJobRunner] loc=scheduler_job_runner.py:3244
2026-08-05T07:34:02.904728Z [info     ] Adopting or resetting orphaned tasks for active dag runs [airflow.jobs.scheduler_job_runner.SchedulerJobRunner] loc=scheduler_job_runner.py:3244
2026-08-05T07:39:02.929073Z [info     ] Adopting or resetting orphaned tasks for active dag runs [airflow.jobs.scheduler_job_runner.SchedulerJobRunner] loc=scheduler_job_runner.py:3244
2026-08-05T07:44:02.933288Z [info     ] Adopting or resetting orphaned tasks for active dag runs [airflow.jobs.scheduler_job_runner.SchedulerJobRunner] loc=scheduler_job_runner.py:3244
2026-08-05T07:49:02.950712Z [info     ] Adopting or resetting orphaned tasks for active dag runs [airflow.jobs.scheduler_job_runner.SchedulerJobRunner] loc=scheduler_job_runner.py:3244
2026-08-05T07:54:02.979059Z [info     ] Adopting or resetting orphaned tasks for active dag runs [airflow.jobs.scheduler_job_runner.SchedulerJobRunner] loc=scheduler_job_runner.py:3244
2026-08-05T07:59:02.977464Z [info     ] Adopting or resetting orphaned tasks for active dag runs [airflow.jobs.scheduler_job_runner.SchedulerJobRunner] loc=scheduler_job_runner.py:3244
2026-08-05T08:04:03.002688Z [info     ] Adopting or resetting orphaned tasks for active dag runs [airflow.jobs.scheduler_job_runner.SchedulerJobRunner] loc=scheduler_job_runner.py:3244
2026-08-05T08:09:03.022490Z [info     ] Adopting or resetting orphaned tasks for active dag runs [airflow.jobs.scheduler_job_runner.SchedulerJobRunner] loc=scheduler_job_runner.py:3244
2026-08-05T08:14:03.044071Z [info     ] Adopting or resetting orphaned tasks for active dag runs [airflow.jobs.scheduler_job_runner.SchedulerJobRunner] loc=scheduler_job_runner.py:3244
2026-08-05T08:19:03.061178Z [info     ] Adopting or resetting orphaned tasks for active dag runs [airflow.jobs.scheduler_job_runner.SchedulerJobRunner] loc=scheduler_job_runner.py:3244
2026-08-05T08:24:03.080115Z [info     ] Adopting or resetting orphaned tasks for active dag runs [airflow.jobs.scheduler_job_runner.SchedulerJobRunner] loc=scheduler_job_runner.py:3244
2026-08-05T08:29:03.095915Z [info     ] Adopting or resetting orphaned tasks for active dag runs [airflow.jobs.scheduler_job_runner.SchedulerJobRunner] loc=scheduler_job_runner.py:3244
2026-08-05T08:34:03.118133Z [info     ] Adopting or resetting orphaned tasks for active dag runs [airflow.jobs.scheduler_job_runner.SchedulerJobRunner] loc=scheduler_job_runner.py:3244
2026-08-05T08:39:03.141912Z [info     ] Adopting or resetting orphaned tasks for active dag runs [airflow.jobs.scheduler_job_runner.SchedulerJobRunner] loc=scheduler_job_runner.py:3244
2026-08-05T08:44:03.163569Z [info     ] Adopting or resetting orphaned tasks for active dag runs [airflow.jobs.scheduler_job_runner.SchedulerJobRunner] loc=scheduler_job_runner.py:3244
2026-08-05T08:49:03.188894Z [info     ] Adopting or resetting orphaned tasks for active dag runs [airflow.jobs.scheduler_job_runner.SchedulerJobRunner] loc=scheduler_job_runner.py:3244
2026-08-05T08:54:03.206433Z [info     ] Adopting or resetting orphaned tasks for active dag runs [airflow.jobs.scheduler_job_runner.SchedulerJobRunner] loc=scheduler_job_runner.py:3244
2026-08-05T08:59:03.232124Z [info     ] Adopting or resetting orphaned tasks for active dag runs [airflow.jobs.scheduler_job_runner.SchedulerJobRunner] loc=scheduler_job_runner.py:3244
2026-08-05T09:04:03.249863Z [info     ] Adopting or resetting orphaned tasks for active dag runs [airflow.jobs.scheduler_job_runner.SchedulerJobRunner] loc=scheduler_job_runner.py:3244
2026-08-05T09:09:03.276169Z [info     ] Adopting or resetting orphaned tasks for active dag runs [airflow.jobs.scheduler_job_runner.SchedulerJobRunner] loc=scheduler_job_runner.py:3244
2026-08-05T09:14:03.298527Z [info     ] Adopting or resetting orphaned tasks for active dag runs [airflow.jobs.scheduler_job_runner.SchedulerJobRunner] loc=scheduler_job_runner.py:3244
2026-08-05T09:19:03.320437Z [info     ] Adopting or resetting orphaned tasks for active dag runs [airflow.jobs.scheduler_job_runner.SchedulerJobRunner] loc=scheduler_job_runner.py:3244
2026-08-05T09:24:03.347606Z [info     ] Adopting or resetting orphaned tasks for active dag runs [airflow.jobs.scheduler_job_runner.SchedulerJobRunner] loc=scheduler_job_runner.py:3244
2026-08-05T09:29:03.367768Z [info     ] Adopting or resetting orphaned tasks for active dag runs [airflow.jobs.scheduler_job_runner.SchedulerJobRunner] loc=scheduler_job_runner.py:3244
2026-08-05T09:34:03.389670Z [info     ] Adopting or resetting orphaned tasks for active dag runs [airflow.jobs.scheduler_job_runner.SchedulerJobRunner] loc=scheduler_job_runner.py:3244
2026-08-05T09:39:03.406347Z [info     ] Adopting or resetting orphaned tasks for active dag runs [airflow.jobs.scheduler_job_runner.SchedulerJobRunner] loc=scheduler_job_runner.py:3244
2026-08-05T09:44:03.428033Z [info     ] Adopting or resetting orphaned tasks for active dag runs [airflow.jobs.scheduler_job_runner.SchedulerJobRunner] loc=scheduler_job_runner.py:3244
2026-08-05T09:49:03.446751Z [info     ] Adopting or resetting orphaned tasks for active dag runs [airflow.jobs.scheduler_job_runner.SchedulerJobRunner] loc=scheduler_job_runner.py:3244
2026-08-05T09:54:03.488640Z [info     ] Adopting or resetting orphaned tasks for active dag runs [airflow.jobs.scheduler_job_runner.SchedulerJobRunner] loc=scheduler_job_runner.py:3244
2026-08-05T09:59:03.511957Z [info     ] Adopting or resetting orphaned tasks for active dag runs [airflow.jobs.scheduler_job_runner.SchedulerJobRunner] loc=scheduler_job_runner.py:3244
2026-08-05T10:04:03.536244Z [info     ] Adopting or resetting orphaned tasks for active dag runs [airflow.jobs.scheduler_job_runner.SchedulerJobRunner] loc=scheduler_job_runner.py:3244
2026-08-05T10:09:03.553438Z [info     ] Adopting or resetting orphaned tasks for active dag runs [airflow.jobs.scheduler_job_runner.SchedulerJobRunner] loc=scheduler_job_runner.py:3244
2026-08-05T10:14:03.586947Z [info     ] Adopting or resetting orphaned tasks for active dag runs [airflow.jobs.scheduler_job_runner.SchedulerJobRunner] loc=scheduler_job_runner.py:3244
2026-08-05T10:19:03.612819Z [info     ] Adopting or resetting orphaned tasks for active dag runs [airflow.jobs.scheduler_job_runner.SchedulerJobRunner] loc=scheduler_job_runner.py:3244
2026-08-05T10:24:03.632721Z [info     ] Adopting or resetting orphaned tasks for active dag runs [airflow.jobs.scheduler_job_runner.SchedulerJobRunner] loc=scheduler_job_runner.py:3244
2026-08-05T10:29:03.663288Z [info     ] Adopting or resetting orphaned tasks for active dag runs [airflow.jobs.scheduler_job_runner.SchedulerJobRunner] loc=scheduler_job_runner.py:3244
2026-08-05T10:34:03.689146Z [info     ] Adopting or resetting orphaned tasks for active dag runs [airflow.jobs.scheduler_job_runner.SchedulerJobRunner] loc=scheduler_job_runner.py:3244
2026-08-05T10:39:03.717462Z [info     ] Adopting or resetting orphaned tasks for active dag runs [airflow.jobs.scheduler_job_runner.SchedulerJobRunner] loc=scheduler_job_runner.py:3244
2026-08-05T10:44:03.749127Z [info     ] Adopting or resetting orphaned tasks for active dag runs [airflow.jobs.scheduler_job_runner.SchedulerJobRunner] loc=scheduler_job_runner.py:3244
2026-08-05T10:49:03.769743Z [info     ] Adopting or resetting orphaned tasks for active dag runs [airflow.jobs.scheduler_job_runner.SchedulerJobRunner] loc=scheduler_job_runner.py:3244
2026-08-05T10:54:03.786697Z [info     ] Adopting or resetting orphaned tasks for active dag runs [airflow.jobs.scheduler_job_runner.SchedulerJobRunner] loc=scheduler_job_runner.py:3244
2026-08-05T10:59:03.807481Z [info     ] Adopting or resetting orphaned tasks for active dag runs [airflow.jobs.scheduler_job_runner.SchedulerJobRunner] loc=scheduler_job_runner.py:3244
2026-08-05T11:04:03.839909Z [info     ] Adopting or resetting orphaned tasks for active dag runs [airflow.jobs.scheduler_job_runner.SchedulerJobRunner] loc=scheduler_job_runner.py:3244
2026-08-05T11:09:03.867530Z [info     ] Adopting or resetting orphaned tasks for active dag runs [airflow.jobs.scheduler_job_runner.SchedulerJobRunner] loc=scheduler_job_runner.py:3244
2026-08-05T11:14:03.889437Z [info     ] Adopting or resetting orphaned tasks for active dag runs [airflow.jobs.scheduler_job_runner.SchedulerJobRunner] loc=scheduler_job_runner.py:3244
2026-08-05T11:19:03.916979Z [info     ] Adopting or resetting orphaned tasks for active dag runs [airflow.jobs.scheduler_job_runner.SchedulerJobRunner] loc=scheduler_job_runner.py:3244
2026-08-05T11:24:03.946269Z [info     ] Adopting or resetting orphaned tasks for active dag runs [airflow.jobs.scheduler_job_runner.SchedulerJobRunner] loc=scheduler_job_runner.py:3244
2026-08-05T11:29:03.970433Z [info     ] Adopting or resetting orphaned tasks for active dag runs [airflow.jobs.scheduler_job_runner.SchedulerJobRunner] loc=scheduler_job_runner.py:3244
2026-08-05T11:34:03.999334Z [info     ] Adopting or resetting orphaned tasks for active dag runs [airflow.jobs.scheduler_job_runner.SchedulerJobRunner] loc=scheduler_job_runner.py:3244
2026-08-05T11:39:04.034319Z [info     ] Adopting or resetting orphaned tasks for active dag runs [airflow.jobs.scheduler_job_runner.SchedulerJobRunner] loc=scheduler_job_runner.py:3244
2026-08-05T11:44:04.066918Z [info     ] Adopting or resetting orphaned tasks for active dag runs [airflow.jobs.scheduler_job_runner.SchedulerJobRunner] loc=scheduler_job_runner.py:3244
2026-08-05T11:49:04.059498Z [info     ] Adopting or resetting orphaned tasks for active dag runs [airflow.jobs.scheduler_job_runner.SchedulerJobRunner] loc=scheduler_job_runner.py:3244
2026-08-05T11:54:04.080112Z [info     ] Adopting or resetting orphaned tasks for active dag runs [airflow.jobs.scheduler_job_runner.SchedulerJobRunner] loc=scheduler_job_runner.py:3244
2026-08-05T11:59:04.109691Z [info     ] Adopting or resetting orphaned tasks for active dag runs [airflow.jobs.scheduler_job_runner.SchedulerJobRunner] loc=scheduler_job_runner.py:3244
2026-08-05T12:04:04.122858Z [info     ] Adopting or resetting orphaned tasks for active dag runs [airflow.jobs.scheduler_job_runner.SchedulerJobRunner] loc=scheduler_job_runner.py:3244
2026-08-05T12:09:04.136857Z [info     ] Adopting or resetting orphaned tasks for active dag runs [airflow.jobs.scheduler_job_runner.SchedulerJobRunner] loc=scheduler_job_runner.py:3244
2026-08-05T12:14:04.160969Z [info     ] Adopting or resetting orphaned tasks for active dag runs [airflow.jobs.scheduler_job_runner.SchedulerJobRunner] loc=scheduler_job_runner.py:3244
2026-08-05T12:19:04.183182Z [info     ] Adopting or resetting orphaned tasks for active dag runs [airflow.jobs.scheduler_job_runner.SchedulerJobRunner] loc=scheduler_job_runner.py:3244
2026-08-05T12:24:04.211278Z [info     ] Adopting or resetting orphaned tasks for active dag runs [airflow.jobs.scheduler_job_runner.SchedulerJobRunner] loc=scheduler_job_runner.py:3244
2026-08-05T12:29:04.253680Z [info     ] Adopting or resetting orphaned tasks for active dag runs [airflow.jobs.scheduler_job_runner.SchedulerJobRunner] loc=scheduler_job_runner.py:3244
2026-08-05T12:34:04.273177Z [info     ] Adopting or resetting orphaned tasks for active dag runs [airflow.jobs.scheduler_job_runner.SchedulerJobRunner] loc=scheduler_job_runner.py:3244
2026-08-05T12:39:04.308426Z [info     ] Adopting or resetting orphaned tasks for active dag runs [airflow.jobs.scheduler_job_runner.SchedulerJobRunner] loc=scheduler_job_runner.py:3244
2026-08-05T12:44:04.335662Z [info     ] Adopting or resetting orphaned tasks for active dag runs [airflow.jobs.scheduler_job_runner.SchedulerJobRunner] loc=scheduler_job_runner.py:3244
2026-08-05T12:49:04.359784Z [info     ] Adopting or resetting orphaned tasks for active dag runs [airflow.jobs.scheduler_job_runner.SchedulerJobRunner] loc=scheduler_job_runner.py:3244
2026-08-05T12:54:04.378462Z [info     ] Adopting or resetting orphaned tasks for active dag runs [airflow.jobs.scheduler_job_runner.SchedulerJobRunner] loc=scheduler_job_runner.py:3244
2026-08-05T12:59:04.376203Z [info     ] Adopting or resetting orphaned tasks for active dag runs [airflow.jobs.scheduler_job_runner.SchedulerJobRunner] loc=scheduler_job_runner.py:3244
2026-08-05T13:04:04.412865Z [info     ] Adopting or resetting orphaned tasks for active dag runs [airflow.jobs.scheduler_job_runner.SchedulerJobRunner] loc=scheduler_job_runner.py:3244
2026-08-05T13:09:04.439929Z [info     ] Adopting or resetting orphaned tasks for active dag runs [airflow.jobs.scheduler_job_runner.SchedulerJobRunner] loc=scheduler_job_runner.py:3244
2026-08-05T13:14:04.454541Z [info     ] Adopting or resetting orphaned tasks for active dag runs [airflow.jobs.scheduler_job_runner.SchedulerJobRunner] loc=scheduler_job_runner.py:3244
2026-08-05T13:19:04.470577Z [info     ] Adopting or resetting orphaned tasks for active dag runs [airflow.jobs.scheduler_job_runner.SchedulerJobRunner] loc=scheduler_job_runner.py:3244
2026-08-05T13:24:04.503957Z [info     ] Adopting or resetting orphaned tasks for active dag runs [airflow.jobs.scheduler_job_runner.SchedulerJobRunner] loc=scheduler_job_runner.py:3244
2026-08-05T13:29:04.527391Z [info     ] Adopting or resetting orphaned tasks for active dag runs [airflow.jobs.scheduler_job_runner.SchedulerJobRunner] loc=scheduler_job_runner.py:3244
2026-08-05T13:34:04.550003Z [info     ] Adopting or resetting orphaned tasks for active dag runs [airflow.jobs.scheduler_job_runner.SchedulerJobRunner] loc=scheduler_job_runner.py:3244
2026-08-05T13:39:04.547489Z [info     ] Adopting or resetting orphaned tasks for active dag runs [airflow.jobs.scheduler_job_runner.SchedulerJobRunner] loc=scheduler_job_runner.py:3244
2026-08-05T13:44:04.571409Z [info     ] Adopting or resetting orphaned tasks for active dag runs [airflow.jobs.scheduler_job_runner.SchedulerJobRunner] loc=scheduler_job_runner.py:3244
2026-08-05T13:49:04.598119Z [info     ] Adopting or resetting orphaned tasks for active dag runs [airflow.jobs.scheduler_job_runner.SchedulerJobRunner] loc=scheduler_job_runner.py:3244
2026-08-05T13:54:04.613941Z [info     ] Adopting or resetting orphaned tasks for active dag runs [airflow.jobs.scheduler_job_runner.SchedulerJobRunner] loc=scheduler_job_runner.py:3244
2026-08-05T13:59:04.629527Z [info     ] Adopting or resetting orphaned tasks for active dag runs [airflow.jobs.scheduler_job_runner.SchedulerJobRunner] loc=scheduler_job_runner.py:3244
2026-08-05T14:04:04.657844Z [info     ] Adopting or resetting orphaned tasks for active dag runs [airflow.jobs.scheduler_job_runner.SchedulerJobRunner] loc=scheduler_job_runner.py:3244
2026-08-05T14:09:04.675363Z [info     ] Adopting or resetting orphaned tasks for active dag runs [airflow.jobs.scheduler_job_runner.SchedulerJobRunner] loc=scheduler_job_runner.py:3244
2026-08-05T14:14:04.693070Z [info     ] Adopting or resetting orphaned tasks for active dag runs [airflow.jobs.scheduler_job_runner.SchedulerJobRunner] loc=scheduler_job_runner.py:3244
2026-08-05T14:19:04.711115Z [info     ] Adopting or resetting orphaned tasks for active dag runs [airflow.jobs.scheduler_job_runner.SchedulerJobRunner] loc=scheduler_job_runner.py:3244
2026-08-05T14:24:04.731072Z [info     ] Adopting or resetting orphaned tasks for active dag runs [airflow.jobs.scheduler_job_runner.SchedulerJobRunner] loc=scheduler_job_runner.py:3244
2026-08-05T14:29:04.751132Z [info     ] Adopting or resetting orphaned tasks for active dag runs [airflow.jobs.scheduler_job_runner.SchedulerJobRunner] loc=scheduler_job_runner.py:3244
2026-08-05T14:34:04.785338Z [info     ] Adopting or resetting orphaned tasks for active dag runs [airflow.jobs.scheduler_job_runner.SchedulerJobRunner] loc=scheduler_job_runner.py:3244
2026-08-05T14:39:04.819667Z [info     ] Adopting or resetting orphaned tasks for active dag runs [airflow.jobs.scheduler_job_runner.SchedulerJobRunner] loc=scheduler_job_runner.py:3244
2026-08-05T14:44:04.841980Z [info     ] Adopting or resetting orphaned tasks for active dag runs [airflow.jobs.scheduler_job_runner.SchedulerJobRunner] loc=scheduler_job_runner.py:3244
2026-08-05T14:49:04.846489Z [info     ] Adopting or resetting orphaned tasks for active dag runs [airflow.jobs.scheduler_job_runner.SchedulerJobRunner] loc=scheduler_job_runner.py:3244
2026-08-05T14:54:04.865011Z [info     ] Adopting or resetting orphaned tasks for active dag runs [airflow.jobs.scheduler_job_runner.SchedulerJobRunner] loc=scheduler_job_runner.py:3244
2026-08-05T14:59:04.892014Z [info     ] Adopting or resetting orphaned tasks for active dag runs [airflow.jobs.scheduler_job_runner.SchedulerJobRunner] loc=scheduler_job_runner.py:3244
2026-08-05T15:04:04.919001Z [info     ] Adopting or resetting orphaned tasks for active dag runs [airflow.jobs.scheduler_job_runner.SchedulerJobRunner] loc=scheduler_job_runner.py:3244
2026-08-05T15:09:04.946453Z [info     ] Adopting or resetting orphaned tasks for active dag runs [airflow.jobs.scheduler_job_runner.SchedulerJobRunner] loc=scheduler_job_runner.py:3244
2026-08-05T15:14:04.980864Z [info     ] Adopting or resetting orphaned tasks for active dag runs [airflow.jobs.scheduler_job_runner.SchedulerJobRunner] loc=scheduler_job_runner.py:3244
2026-08-05T15:19:04.991484Z [info     ] Adopting or resetting orphaned tasks for active dag runs [airflow.jobs.scheduler_job_runner.SchedulerJobRunner] loc=scheduler_job_runner.py:3244
2026-08-05T15:24:05.031435Z [info     ] Adopting or resetting orphaned tasks for active dag runs [airflow.jobs.scheduler_job_runner.SchedulerJobRunner] loc=scheduler_job_runner.py:3244
2026-08-05T15:29:05.063435Z [info     ] Adopting or resetting orphaned tasks for active dag runs [airflow.jobs.scheduler_job_runner.SchedulerJobRunner] loc=scheduler_job_runner.py:3244
2026-08-05T15:34:05.081702Z [info     ] Adopting or resetting orphaned tasks for active dag runs [airflow.jobs.scheduler_job_runner.SchedulerJobRunner] loc=scheduler_job_runner.py:3244
2026-08-05T15:39:05.101002Z [info     ] Adopting or resetting orphaned tasks for active dag runs [airflow.jobs.scheduler_job_runner.SchedulerJobRunner] loc=scheduler_job_runner.py:3244
2026-08-05T15:44:05.128498Z [info     ] Adopting or resetting orphaned tasks for active dag runs [airflow.jobs.scheduler_job_runner.SchedulerJobRunner] loc=scheduler_job_runner.py:3244
2026-08-05T15:49:05.148784Z [info     ] Adopting or resetting orphaned tasks for active dag runs [airflow.jobs.scheduler_job_runner.SchedulerJobRunner] loc=scheduler_job_runner.py:3244
2026-08-05T15:54:05.170462Z [info     ] Adopting or resetting orphaned tasks for active dag runs [airflow.jobs.scheduler_job_runner.SchedulerJobRunner] loc=scheduler_job_runner.py:3244
2026-08-05T15:59:05.200747Z [info     ] Adopting or resetting orphaned tasks for active dag runs [airflow.jobs.scheduler_job_runner.SchedulerJobRunner] loc=scheduler_job_runner.py:3244
2026-08-05T16:04:05.262743Z [info     ] Adopting or resetting orphaned tasks for active dag runs [airflow.jobs.scheduler_job_runner.SchedulerJobRunner] loc=scheduler_job_runner.py:3244
2026-08-05T16:09:05.280000Z [info     ] Adopting or resetting orphaned tasks for active dag runs [airflow.jobs.scheduler_job_runner.SchedulerJobRunner] loc=scheduler_job_runner.py:3244
2026-08-05T16:14:05.301659Z [info     ] Adopting or resetting orphaned tasks for active dag runs [airflow.jobs.scheduler_job_runner.SchedulerJobRunner] loc=scheduler_job_runner.py:3244
2026-08-05T16:19:05.328759Z [info     ] Adopting or resetting orphaned tasks for active dag runs [airflow.jobs.scheduler_job_runner.SchedulerJobRunner] loc=scheduler_job_runner.py:3244
2026-08-05T16:24:05.347469Z [info     ] Adopting or resetting orphaned tasks for active dag runs [airflow.jobs.scheduler_job_runner.SchedulerJobRunner] loc=scheduler_job_runner.py:3244
2026-08-05T16:29:05.367521Z [info     ] Adopting or resetting orphaned tasks for active dag runs [airflow.jobs.scheduler_job_runner.SchedulerJobRunner] loc=scheduler_job_runner.py:3244
2026-08-05T16:34:05.405627Z [info     ] Adopting or resetting orphaned tasks for active dag runs [airflow.jobs.scheduler_job_runner.SchedulerJobRunner] loc=scheduler_job_runner.py:3244
2026-08-05T16:39:05.427691Z [info     ] Adopting or resetting orphaned tasks for active dag runs [airflow.jobs.scheduler_job_runner.SchedulerJobRunner] loc=scheduler_job_runner.py:3244
2026-08-05T16:44:05.443088Z [info     ] Adopting or resetting orphaned tasks for active dag runs [airflow.jobs.scheduler_job_runner.SchedulerJobRunner] loc=scheduler_job_runner.py:3244
2026-08-05T16:49:05.459689Z [info     ] Adopting or resetting orphaned tasks for active dag runs [airflow.jobs.scheduler_job_runner.SchedulerJobRunner] loc=scheduler_job_runner.py:3244
2026-08-05T16:54:05.481334Z [info     ] Adopting or resetting orphaned tasks for active dag runs [airflow.jobs.scheduler_job_runner.SchedulerJobRunner] loc=scheduler_job_runner.py:3244
2026-08-05T16:59:05.497816Z [info     ] Adopting or resetting orphaned tasks for active dag runs [airflow.jobs.scheduler_job_runner.SchedulerJobRunner] loc=scheduler_job_runner.py:3244
2026-08-05T17:04:05.517119Z [info     ] Adopting or resetting orphaned tasks for active dag runs [airflow.jobs.scheduler_job_runner.SchedulerJobRunner] loc=scheduler_job_runner.py:3244
2026-08-05T17:09:05.539349Z [info     ] Adopting or resetting orphaned tasks for active dag runs [airflow.jobs.scheduler_job_runner.SchedulerJobRunner] loc=scheduler_job_runner.py:3244
2026-08-05T17:14:05.559392Z [info     ] Adopting or resetting orphaned tasks for active dag runs [airflow.jobs.scheduler_job_runner.SchedulerJobRunner] loc=scheduler_job_runner.py:3244
2026-08-05T17:19:05.586995Z [info     ] Adopting or resetting orphaned tasks for active dag runs [airflow.jobs.scheduler_job_runner.SchedulerJobRunner] loc=scheduler_job_runner.py:3244
2026-08-05T17:24:05.614182Z [info     ] Adopting or resetting orphaned tasks for active dag runs [airflow.jobs.scheduler_job_runner.SchedulerJobRunner] loc=scheduler_job_runner.py:3244
2026-08-05T17:29:05.642515Z [info     ] Adopting or resetting orphaned tasks for active dag runs [airflow.jobs.scheduler_job_runner.SchedulerJobRunner] loc=scheduler_job_runner.py:3244
2026-08-05T17:34:05.658873Z [info     ] Adopting or resetting orphaned tasks for active dag runs [airflow.jobs.scheduler_job_runner.SchedulerJobRunner] loc=scheduler_job_runner.py:3244
2026-08-05T17:39:05.683032Z [info     ] Adopting or resetting orphaned tasks for active dag runs [airflow.jobs.scheduler_job_runner.SchedulerJobRunner] loc=scheduler_job_runner.py:3244
2026-08-05T17:44:05.721412Z [info     ] Adopting or resetting orphaned tasks for active dag runs [airflow.jobs.scheduler_job_runner.SchedulerJobRunner] loc=scheduler_job_runner.py:3244
2026-08-05T17:49:05.747139Z [info     ] Adopting or resetting orphaned tasks for active dag runs [airflow.jobs.scheduler_job_runner.SchedulerJobRunner] loc=scheduler_job_runner.py:3244
2026-08-05T17:54:05.768911Z [info     ] Adopting or resetting orphaned tasks for active dag runs [airflow.jobs.scheduler_job_runner.SchedulerJobRunner] loc=scheduler_job_runner.py:3244
2026-08-05T17:59:05.787545Z [info     ] Adopting or resetting orphaned tasks for active dag runs [airflow.jobs.scheduler_job_runner.SchedulerJobRunner] loc=scheduler_job_runner.py:3244
2026-08-05T18:00:00.983650Z [info     ] creating dag run               [airflow.serialization.definitions.dag] loc=dag.py:607 logical_date=DateTime(2026, 8, 5, 18, 0, 0, tzinfo=Timezone('UTC')) partition_key=None run_after=DateTime(2026, 8, 5, 18, 0, 0, tzinfo=Timezone('UTC')) run_id=scheduled__2026-08-05T18:00:00+00:00
2026-08-05T18:00:01.001475Z [info     ] get next_dagrun_info_v2        [airflow.serialization.definitions.dag] last_automated_run_info=DagRunInfo(run_after=DateTime(2026, 8, 5, 18, 0, 0, tzinfo=Timezone('UTC')), data_interval=DataInterval(start=DateTime(2026, 8, 5, 18, 0, 0, tzinfo=Timezone('UTC')), end=DateTime(2026, 8, 5, 18, 0, 0, tzinfo=Timezone('UTC'))), partition_date=None, partition_key=None) loc=dag.py:445 next_info=DagRunInfo(run_after=DateTime(2026, 8, 6, 18, 0, 0, tzinfo=Timezone('UTC')), data_interval=DataInterval(start=DateTime(2026, 8, 6, 18, 0, 0, tzinfo=Timezone('UTC')), end=DateTime(2026, 8, 6, 18, 0, 0, tzinfo=Timezone('UTC'))), partition_date=None, partition_key=None)
2026-08-05T18:00:01.001734Z [info     ] setting next dagrun info       [airflow.models.dag] loc=dag.py:848 next_dagrun='2026-08-06 18:00:00+00:00' next_dagrun_create_after='2026-08-06 18:00:00+00:00' next_dagrun_data_interval_end='2026-08-06 18:00:00+00:00' next_dagrun_data_interval_start='2026-08-06 18:00:00+00:00' next_dagrun_partition_date=None next_dagrun_partition_key=None
Dag run  in running state
Dag information Queued at: 2026-08-05 18:00:00.985773+00:00 version: 2
2026-08-05T18:00:01.047445Z [info     ] 1 tasks up for execution:
	<TaskInstance: marketvol.create_temp_dir scheduled__2026-08-05T18:00:00+00:00 [scheduled] ti_id=019fd315-10e7-738e-a315-06d2ec4ae80e> [airflow.jobs.scheduler_job_runner.SchedulerJobRunner] loc=scheduler_job_runner.py:719
2026-08-05T18:00:01.047609Z [info     ] DAG marketvol has 0/16 running and queued tasks [airflow.jobs.scheduler_job_runner.SchedulerJobRunner] loc=scheduler_job_runner.py:822
2026-08-05T18:00:01.047866Z [info     ] Setting the following tasks to queued state (scheduler job_id=8):
	<TaskInstance: marketvol.create_temp_dir scheduled__2026-08-05T18:00:00+00:00 [scheduled] ti_id=019fd315-10e7-738e-a315-06d2ec4ae80e> (id=019fd315-10e7-738e-a315-06d2ec4ae80e, try_number=1) [airflow.jobs.scheduler_job_runner.SchedulerJobRunner] loc=scheduler_job_runner.py:978
2026-08-05T18:00:01.049863Z [info     ] Trying to enqueue tasks: [<TaskInstance: marketvol.create_temp_dir scheduled__2026-08-05T18:00:00+00:00 [scheduled] ti_id=019fd315-10e7-738e-a315-06d2ec4ae80e>] for executor: CeleryExecutor(parallelism=32) [airflow.jobs.scheduler_job_runner.SchedulerJobRunner] loc=scheduler_job_runner.py:1152
2026-08-05T18:00:01.076984Z [info     ] Received executor event with state queued for task instance TaskInstanceKey(dag_id='marketvol', task_id='create_temp_dir', run_id='scheduled__2026-08-05T18:00:00+00:00', try_number=1, map_index=-1) [airflow.jobs.scheduler_job_runner.SchedulerJobRunner] loc=scheduler_job_runner.py:1311
2026-08-05T18:00:01.087646Z [info     ] Setting external_executor_id for <TaskInstance: marketvol.create_temp_dir scheduled__2026-08-05T18:00:00+00:00 [queued] ti_id=019fd315-10e7-738e-a315-06d2ec4ae80e> to b8895bfe-abcd-45e1-a79f-a2e6e0ce57cc [airflow.jobs.scheduler_job_runner.SchedulerJobRunner] loc=scheduler_job_runner.py:1393
2026-08-05T18:00:04.362787Z [info     ] 2 tasks up for execution:
	<TaskInstance: marketvol.download_aapl_data scheduled__2026-08-05T18:00:00+00:00 [scheduled] ti_id=019fd315-10e8-78a6-b62c-66242f9e5084>
	<TaskInstance: marketvol.download_tsla_data scheduled__2026-08-05T18:00:00+00:00 [scheduled] ti_id=019fd315-10e9-7a2e-b126-ca86d5232f7b> [airflow.jobs.scheduler_job_runner.SchedulerJobRunner] loc=scheduler_job_runner.py:719
2026-08-05T18:00:04.363045Z [info     ] DAG marketvol has 0/16 running and queued tasks [airflow.jobs.scheduler_job_runner.SchedulerJobRunner] loc=scheduler_job_runner.py:822
2026-08-05T18:00:04.363250Z [info     ] DAG marketvol has 1/16 running and queued tasks [airflow.jobs.scheduler_job_runner.SchedulerJobRunner] loc=scheduler_job_runner.py:822
2026-08-05T18:00:04.363531Z [info     ] Setting the following tasks to queued state (scheduler job_id=8):
	<TaskInstance: marketvol.download_aapl_data scheduled__2026-08-05T18:00:00+00:00 [scheduled] ti_id=019fd315-10e8-78a6-b62c-66242f9e5084> (id=019fd315-10e8-78a6-b62c-66242f9e5084, try_number=1)
	<TaskInstance: marketvol.download_tsla_data scheduled__2026-08-05T18:00:00+00:00 [scheduled] ti_id=019fd315-10e9-7a2e-b126-ca86d5232f7b> (id=019fd315-10e9-7a2e-b126-ca86d5232f7b, try_number=1) [airflow.jobs.scheduler_job_runner.SchedulerJobRunner] loc=scheduler_job_runner.py:978
2026-08-05T18:00:04.366285Z [info     ] Trying to enqueue tasks: [<TaskInstance: marketvol.download_aapl_data scheduled__2026-08-05T18:00:00+00:00 [scheduled] ti_id=019fd315-10e8-78a6-b62c-66242f9e5084>, <TaskInstance: marketvol.download_tsla_data scheduled__2026-08-05T18:00:00+00:00 [scheduled] ti_id=019fd315-10e9-7a2e-b126-ca86d5232f7b>] for executor: CeleryExecutor(parallelism=32) [airflow.jobs.scheduler_job_runner.SchedulerJobRunner] loc=scheduler_job_runner.py:1152
2026-08-05T18:00:04.507023Z [info     ] Received executor event with state queued for task instance TaskInstanceKey(dag_id='marketvol', task_id='download_aapl_data', run_id='scheduled__2026-08-05T18:00:00+00:00', try_number=1, map_index=-1) [airflow.jobs.scheduler_job_runner.SchedulerJobRunner] loc=scheduler_job_runner.py:1311
2026-08-05T18:00:04.507438Z [info     ] Received executor event with state queued for task instance TaskInstanceKey(dag_id='marketvol', task_id='download_tsla_data', run_id='scheduled__2026-08-05T18:00:00+00:00', try_number=1, map_index=-1) [airflow.jobs.scheduler_job_runner.SchedulerJobRunner] loc=scheduler_job_runner.py:1311
2026-08-05T18:00:04.507599Z [info     ] Received executor event with state success for task instance TaskInstanceKey(dag_id='marketvol', task_id='create_temp_dir', run_id='scheduled__2026-08-05T18:00:00+00:00', try_number=1, map_index=-1) [airflow.jobs.scheduler_job_runner.SchedulerJobRunner] loc=scheduler_job_runner.py:1311
2026-08-05T18:00:04.521308Z [info     ] Setting external_executor_id for <TaskInstance: marketvol.download_aapl_data scheduled__2026-08-05T18:00:00+00:00 [running] ti_id=019fd315-10e8-78a6-b62c-66242f9e5084> to de9a3a28-401c-410d-93dd-9d648ae7a7bd [airflow.jobs.scheduler_job_runner.SchedulerJobRunner] loc=scheduler_job_runner.py:1393
2026-08-05T18:00:04.521566Z [info     ] Setting external_executor_id for <TaskInstance: marketvol.download_tsla_data scheduled__2026-08-05T18:00:00+00:00 [queued] ti_id=019fd315-10e9-7a2e-b126-ca86d5232f7b> to 23ed0450-5b61-475a-8426-d2d87c01fc2d [airflow.jobs.scheduler_job_runner.SchedulerJobRunner] loc=scheduler_job_runner.py:1393
2026-08-05T18:00:04.521953Z [info     ] TaskInstance Finished: dag_id=marketvol, task_id=create_temp_dir, run_id=scheduled__2026-08-05T18:00:00+00:00, map_index=-1, ti_id=019fd315-10e7-738e-a315-06d2ec4ae80e, run_start_date=2026-08-05 18:00:01.432506+00:00, run_end_date=2026-08-05 18:00:03.408110+00:00, run_duration=1.975604, state=success, executor=CeleryExecutor(parallelism=32), executor_state=success, try_number=1, max_tries=2, pool=default_pool, queue=default, priority_weight=6, operator=BashOperator, queued_dttm=2026-08-05 18:00:01.048364+00:00, scheduled_dttm=2026-08-05 18:00:01.033070+00:00,queued_by_job_id=8, pid=38027 [airflow.jobs.scheduler_job_runner.SchedulerJobRunner] loc=scheduler_job_runner.py:1403
2026-08-05T18:00:06.527859Z [info     ] 2 tasks up for execution:
	<TaskInstance: marketvol.move_aapl_data scheduled__2026-08-05T18:00:00+00:00 [scheduled] ti_id=019fd315-10ea-72d4-8374-98e93d67e489>
	<TaskInstance: marketvol.move_tsla_data scheduled__2026-08-05T18:00:00+00:00 [scheduled] ti_id=019fd315-10eb-7eab-b544-a130c4791d3e> [airflow.jobs.scheduler_job_runner.SchedulerJobRunner] loc=scheduler_job_runner.py:719
2026-08-05T18:00:06.528152Z [info     ] DAG marketvol has 0/16 running and queued tasks [airflow.jobs.scheduler_job_runner.SchedulerJobRunner] loc=scheduler_job_runner.py:822
2026-08-05T18:00:06.528386Z [info     ] DAG marketvol has 1/16 running and queued tasks [airflow.jobs.scheduler_job_runner.SchedulerJobRunner] loc=scheduler_job_runner.py:822
2026-08-05T18:00:06.528677Z [info     ] Setting the following tasks to queued state (scheduler job_id=8):
	<TaskInstance: marketvol.move_aapl_data scheduled__2026-08-05T18:00:00+00:00 [scheduled] ti_id=019fd315-10ea-72d4-8374-98e93d67e489> (id=019fd315-10ea-72d4-8374-98e93d67e489, try_number=1)
	<TaskInstance: marketvol.move_tsla_data scheduled__2026-08-05T18:00:00+00:00 [scheduled] ti_id=019fd315-10eb-7eab-b544-a130c4791d3e> (id=019fd315-10eb-7eab-b544-a130c4791d3e, try_number=1) [airflow.jobs.scheduler_job_runner.SchedulerJobRunner] loc=scheduler_job_runner.py:978
2026-08-05T18:00:06.531491Z [info     ] Trying to enqueue tasks: [<TaskInstance: marketvol.move_aapl_data scheduled__2026-08-05T18:00:00+00:00 [scheduled] ti_id=019fd315-10ea-72d4-8374-98e93d67e489>, <TaskInstance: marketvol.move_tsla_data scheduled__2026-08-05T18:00:00+00:00 [scheduled] ti_id=019fd315-10eb-7eab-b544-a130c4791d3e>] for executor: CeleryExecutor(parallelism=32) [airflow.jobs.scheduler_job_runner.SchedulerJobRunner] loc=scheduler_job_runner.py:1152
2026-08-05T18:00:06.668437Z [info     ] Received executor event with state queued for task instance TaskInstanceKey(dag_id='marketvol', task_id='move_aapl_data', run_id='scheduled__2026-08-05T18:00:00+00:00', try_number=1, map_index=-1) [airflow.jobs.scheduler_job_runner.SchedulerJobRunner] loc=scheduler_job_runner.py:1311
2026-08-05T18:00:06.668780Z [info     ] Received executor event with state queued for task instance TaskInstanceKey(dag_id='marketvol', task_id='move_tsla_data', run_id='scheduled__2026-08-05T18:00:00+00:00', try_number=1, map_index=-1) [airflow.jobs.scheduler_job_runner.SchedulerJobRunner] loc=scheduler_job_runner.py:1311
2026-08-05T18:00:06.668920Z [info     ] Received executor event with state success for task instance TaskInstanceKey(dag_id='marketvol', task_id='download_aapl_data', run_id='scheduled__2026-08-05T18:00:00+00:00', try_number=1, map_index=-1) [airflow.jobs.scheduler_job_runner.SchedulerJobRunner] loc=scheduler_job_runner.py:1311
2026-08-05T18:00:06.669064Z [info     ] Received executor event with state success for task instance TaskInstanceKey(dag_id='marketvol', task_id='download_tsla_data', run_id='scheduled__2026-08-05T18:00:00+00:00', try_number=1, map_index=-1) [airflow.jobs.scheduler_job_runner.SchedulerJobRunner] loc=scheduler_job_runner.py:1311
2026-08-05T18:00:06.690914Z [info     ] Setting external_executor_id for <TaskInstance: marketvol.move_tsla_data scheduled__2026-08-05T18:00:00+00:00 [running] ti_id=019fd315-10eb-7eab-b544-a130c4791d3e> to 75e600a6-e30d-4740-a871-c27636064e45 [airflow.jobs.scheduler_job_runner.SchedulerJobRunner] loc=scheduler_job_runner.py:1393
2026-08-05T18:00:06.691284Z [info     ] Setting external_executor_id for <TaskInstance: marketvol.move_aapl_data scheduled__2026-08-05T18:00:00+00:00 [running] ti_id=019fd315-10ea-72d4-8374-98e93d67e489> to 1217a111-3271-4b20-8929-2d28f092f42d [airflow.jobs.scheduler_job_runner.SchedulerJobRunner] loc=scheduler_job_runner.py:1393
2026-08-05T18:00:06.691612Z [info     ] TaskInstance Finished: dag_id=marketvol, task_id=download_tsla_data, run_id=scheduled__2026-08-05T18:00:00+00:00, map_index=-1, ti_id=019fd315-10e9-7a2e-b126-ca86d5232f7b, run_start_date=2026-08-05 18:00:04.685601+00:00, run_end_date=2026-08-05 18:00:06.122266+00:00, run_duration=1.436665, state=success, executor=CeleryExecutor(parallelism=32), executor_state=success, try_number=1, max_tries=2, pool=default_pool, queue=default, priority_weight=3, operator=PythonOperator, queued_dttm=2026-08-05 18:00:04.364132+00:00, scheduled_dttm=2026-08-05 18:00:04.335123+00:00,queued_by_job_id=8, pid=38039 [airflow.jobs.scheduler_job_runner.SchedulerJobRunner] loc=scheduler_job_runner.py:1403
2026-08-05T18:00:06.691899Z [info     ] TaskInstance Finished: dag_id=marketvol, task_id=download_aapl_data, run_id=scheduled__2026-08-05T18:00:00+00:00, map_index=-1, ti_id=019fd315-10e8-78a6-b62c-66242f9e5084, run_start_date=2026-08-05 18:00:04.464020+00:00, run_end_date=2026-08-05 18:00:05.835117+00:00, run_duration=1.371097, state=success, executor=CeleryExecutor(parallelism=32), executor_state=success, try_number=1, max_tries=2, pool=default_pool, queue=default, priority_weight=3, operator=PythonOperator, queued_dttm=2026-08-05 18:00:04.364132+00:00, scheduled_dttm=2026-08-05 18:00:04.335123+00:00,queued_by_job_id=8, pid=38037 [airflow.jobs.scheduler_job_runner.SchedulerJobRunner] loc=scheduler_job_runner.py:1403
2026-08-05T18:00:07.856996Z [info     ] 1 tasks up for execution:
	<TaskInstance: marketvol.run_market_query scheduled__2026-08-05T18:00:00+00:00 [scheduled] ti_id=019fd315-10ec-7ddd-a24a-6e5e117c67c5> [airflow.jobs.scheduler_job_runner.SchedulerJobRunner] loc=scheduler_job_runner.py:719
2026-08-05T18:00:07.857191Z [info     ] DAG marketvol has 0/16 running and queued tasks [airflow.jobs.scheduler_job_runner.SchedulerJobRunner] loc=scheduler_job_runner.py:822
2026-08-05T18:00:07.857410Z [info     ] Setting the following tasks to queued state (scheduler job_id=8):
	<TaskInstance: marketvol.run_market_query scheduled__2026-08-05T18:00:00+00:00 [scheduled] ti_id=019fd315-10ec-7ddd-a24a-6e5e117c67c5> (id=019fd315-10ec-7ddd-a24a-6e5e117c67c5, try_number=1) [airflow.jobs.scheduler_job_runner.SchedulerJobRunner] loc=scheduler_job_runner.py:978
2026-08-05T18:00:07.859258Z [info     ] Trying to enqueue tasks: [<TaskInstance: marketvol.run_market_query scheduled__2026-08-05T18:00:00+00:00 [scheduled] ti_id=019fd315-10ec-7ddd-a24a-6e5e117c67c5>] for executor: CeleryExecutor(parallelism=32) [airflow.jobs.scheduler_job_runner.SchedulerJobRunner] loc=scheduler_job_runner.py:1152
2026-08-05T18:00:07.884127Z [info     ] Received executor event with state queued for task instance TaskInstanceKey(dag_id='marketvol', task_id='run_market_query', run_id='scheduled__2026-08-05T18:00:00+00:00', try_number=1, map_index=-1) [airflow.jobs.scheduler_job_runner.SchedulerJobRunner] loc=scheduler_job_runner.py:1311
2026-08-05T18:00:07.884315Z [info     ] Received executor event with state success for task instance TaskInstanceKey(dag_id='marketvol', task_id='move_aapl_data', run_id='scheduled__2026-08-05T18:00:00+00:00', try_number=1, map_index=-1) [airflow.jobs.scheduler_job_runner.SchedulerJobRunner] loc=scheduler_job_runner.py:1311
2026-08-05T18:00:07.884464Z [info     ] Received executor event with state success for task instance TaskInstanceKey(dag_id='marketvol', task_id='move_tsla_data', run_id='scheduled__2026-08-05T18:00:00+00:00', try_number=1, map_index=-1) [airflow.jobs.scheduler_job_runner.SchedulerJobRunner] loc=scheduler_job_runner.py:1311
2026-08-05T18:00:07.894429Z [info     ] Setting external_executor_id for <TaskInstance: marketvol.run_market_query scheduled__2026-08-05T18:00:00+00:00 [queued] ti_id=019fd315-10ec-7ddd-a24a-6e5e117c67c5> to c8ed507e-3f6a-415b-922e-09a66ebadb40 [airflow.jobs.scheduler_job_runner.SchedulerJobRunner] loc=scheduler_job_runner.py:1393
2026-08-05T18:00:07.894730Z [info     ] TaskInstance Finished: dag_id=marketvol, task_id=move_aapl_data, run_id=scheduled__2026-08-05T18:00:00+00:00, map_index=-1, ti_id=019fd315-10ea-72d4-8374-98e93d67e489, run_start_date=2026-08-05 18:00:06.609404+00:00, run_end_date=2026-08-05 18:00:07.565628+00:00, run_duration=0.956224, state=success, executor=CeleryExecutor(parallelism=32), executor_state=success, try_number=1, max_tries=2, pool=default_pool, queue=default, priority_weight=2, operator=BashOperator, queued_dttm=2026-08-05 18:00:06.529328+00:00, scheduled_dttm=2026-08-05 18:00:06.503688+00:00,queued_by_job_id=8, pid=38052 [airflow.jobs.scheduler_job_runner.SchedulerJobRunner] loc=scheduler_job_runner.py:1403
2026-08-05T18:00:07.894991Z [info     ] TaskInstance Finished: dag_id=marketvol, task_id=move_tsla_data, run_id=scheduled__2026-08-05T18:00:00+00:00, map_index=-1, ti_id=019fd315-10eb-7eab-b544-a130c4791d3e, run_start_date=2026-08-05 18:00:06.612476+00:00, run_end_date=2026-08-05 18:00:07.536722+00:00, run_duration=0.924246, state=success, executor=CeleryExecutor(parallelism=32), executor_state=success, try_number=1, max_tries=2, pool=default_pool, queue=default, priority_weight=2, operator=BashOperator, queued_dttm=2026-08-05 18:00:06.529328+00:00, scheduled_dttm=2026-08-05 18:00:06.503688+00:00,queued_by_job_id=8, pid=38051 [airflow.jobs.scheduler_job_runner.SchedulerJobRunner] loc=scheduler_job_runner.py:1403
2026-08-05T18:00:09.017977Z [info     ] Marking run <DagRun marketvol @ 2026-08-05 18:00:00+00:00: scheduled__2026-08-05T18:00:00+00:00, state:running, queued_at: 2026-08-05 18:00:00.985773+00:00. run_type: scheduled> successful [airflow.models.dagrun.DagRun] loc=dagrun.py:1249
Dag run in success state
Dag run start:2026-08-05 18:00:01.012606+00:00 end:2026-08-05 18:00:09.018132+00:00
2026-08-05T18:00:09.018342Z [info     ] DagRun Finished: dag_id=marketvol, logical_date=2026-08-05 18:00:00+00:00, run_id=scheduled__2026-08-05T18:00:00+00:00, run_start_date=2026-08-05 18:00:01.012606+00:00, run_end_date=2026-08-05 18:00:09.018132+00:00, run_duration=8.005526, state=success, run_type=scheduled, data_interval_start=2026-08-05 18:00:00+00:00, data_interval_end=2026-08-05 18:00:00+00:00, [airflow.models.dagrun.DagRun] loc=dagrun.py:1315
2026-08-05T18:00:09.060448Z [info     ] Received executor event with state success for task instance TaskInstanceKey(dag_id='marketvol', task_id='run_market_query', run_id='scheduled__2026-08-05T18:00:00+00:00', try_number=1, map_index=-1) [airflow.jobs.scheduler_job_runner.SchedulerJobRunner] loc=scheduler_job_runner.py:1311
2026-08-05T18:00:09.070941Z [info     ] TaskInstance Finished: dag_id=marketvol, task_id=run_market_query, run_id=scheduled__2026-08-05T18:00:00+00:00, map_index=-1, ti_id=019fd315-10ec-7ddd-a24a-6e5e117c67c5, run_start_date=2026-08-05 18:00:07.898843+00:00, run_end_date=2026-08-05 18:00:08.530849+00:00, run_duration=0.632006, state=success, executor=CeleryExecutor(parallelism=32), executor_state=success, try_number=1, max_tries=2, pool=default_pool, queue=default, priority_weight=1, operator=PythonOperator, queued_dttm=2026-08-05 18:00:07.857804+00:00, scheduled_dttm=2026-08-05 18:00:07.840409+00:00,queued_by_job_id=8, pid=38061 [airflow.jobs.scheduler_job_runner.SchedulerJobRunner] loc=scheduler_job_runner.py:1403
2026-08-05T18:04:05.805576Z [info     ] Adopting or resetting orphaned tasks for active dag runs [airflow.jobs.scheduler_job_runner.SchedulerJobRunner] loc=scheduler_job_runner.py:3244
2026-08-05T18:09:05.833011Z [info     ] Adopting or resetting orphaned tasks for active dag runs [airflow.jobs.scheduler_job_runner.SchedulerJobRunner] loc=scheduler_job_runner.py:3244
2026-08-05T18:14:05.864375Z [info     ] Adopting or resetting orphaned tasks for active dag runs [airflow.jobs.scheduler_job_runner.SchedulerJobRunner] loc=scheduler_job_runner.py:3244
2026-08-05T18:19:05.895226Z [info     ] Adopting or resetting orphaned tasks for active dag runs [airflow.jobs.scheduler_job_runner.SchedulerJobRunner] loc=scheduler_job_runner.py:3244
2026-08-05T18:24:05.912029Z [info     ] Adopting or resetting orphaned tasks for active dag runs [airflow.jobs.scheduler_job_runner.SchedulerJobRunner] loc=scheduler_job_runner.py:3244
2026-08-05T18:29:05.935354Z [info     ] Adopting or resetting orphaned tasks for active dag runs [airflow.jobs.scheduler_job_runner.SchedulerJobRunner] loc=scheduler_job_runner.py:3244
2026-08-05T18:34:05.957274Z [info     ] Adopting or resetting orphaned tasks for active dag runs [airflow.jobs.scheduler_job_runner.SchedulerJobRunner] loc=scheduler_job_runner.py:3244
2026-08-05T18:39:05.973516Z [info     ] Adopting or resetting orphaned tasks for active dag runs [airflow.jobs.scheduler_job_runner.SchedulerJobRunner] loc=scheduler_job_runner.py:3244
2026-08-05T18:44:05.990976Z [info     ] Adopting or resetting orphaned tasks for active dag runs [airflow.jobs.scheduler_job_runner.SchedulerJobRunner] loc=scheduler_job_runner.py:3244
2026-08-05T18:49:06.013931Z [info     ] Adopting or resetting orphaned tasks for active dag runs [airflow.jobs.scheduler_job_runner.SchedulerJobRunner] loc=scheduler_job_runner.py:3244
2026-08-05T18:54:06.033574Z [info     ] Adopting or resetting orphaned tasks for active dag runs [airflow.jobs.scheduler_job_runner.SchedulerJobRunner] loc=scheduler_job_runner.py:3244
2026-08-05T18:59:06.059479Z [info     ] Adopting or resetting orphaned tasks for active dag runs [airflow.jobs.scheduler_job_runner.SchedulerJobRunner] loc=scheduler_job_runner.py:3244
2026-08-05T19:04:06.078591Z [info     ] Adopting or resetting orphaned tasks for active dag runs [airflow.jobs.scheduler_job_runner.SchedulerJobRunner] loc=scheduler_job_runner.py:3244
2026-08-05T19:09:06.093953Z [info     ] Adopting or resetting orphaned tasks for active dag runs [airflow.jobs.scheduler_job_runner.SchedulerJobRunner] loc=scheduler_job_runner.py:3244
2026-08-05T19:14:06.112455Z [info     ] Adopting or resetting orphaned tasks for active dag runs [airflow.jobs.scheduler_job_runner.SchedulerJobRunner] loc=scheduler_job_runner.py:3244
2026-08-05T19:19:06.127920Z [info     ] Adopting or resetting orphaned tasks for active dag runs [airflow.jobs.scheduler_job_runner.SchedulerJobRunner] loc=scheduler_job_runner.py:3244
2026-08-05T19:24:06.143372Z [info     ] Adopting or resetting orphaned tasks for active dag runs [airflow.jobs.scheduler_job_runner.SchedulerJobRunner] loc=scheduler_job_runner.py:3244
2026-08-05T19:29:06.160169Z [info     ] Adopting or resetting orphaned tasks for active dag runs [airflow.jobs.scheduler_job_runner.SchedulerJobRunner] loc=scheduler_job_runner.py:3244
2026-08-05T19:34:06.180129Z [info     ] Adopting or resetting orphaned tasks for active dag runs [airflow.jobs.scheduler_job_runner.SchedulerJobRunner] loc=scheduler_job_runner.py:3244
2026-08-05T19:39:06.214524Z [info     ] Adopting or resetting orphaned tasks for active dag runs [airflow.jobs.scheduler_job_runner.SchedulerJobRunner] loc=scheduler_job_runner.py:3244
2026-08-05T19:44:06.253095Z [info     ] Adopting or resetting orphaned tasks for active dag runs [airflow.jobs.scheduler_job_runner.SchedulerJobRunner] loc=scheduler_job_runner.py:3244
2026-08-05T19:49:06.260070Z [info     ] Adopting or resetting orphaned tasks for active dag runs [airflow.jobs.scheduler_job_runner.SchedulerJobRunner] loc=scheduler_job_runner.py:3244
2026-08-05T19:54:06.281514Z [info     ] Adopting or resetting orphaned tasks for active dag runs [airflow.jobs.scheduler_job_runner.SchedulerJobRunner] loc=scheduler_job_runner.py:3244
2026-08-05T19:59:06.309529Z [info     ] Adopting or resetting orphaned tasks for active dag runs [airflow.jobs.scheduler_job_runner.SchedulerJobRunner] loc=scheduler_job_runner.py:3244
2026-08-05T20:04:06.350143Z [info     ] Adopting or resetting orphaned tasks for active dag runs [airflow.jobs.scheduler_job_runner.SchedulerJobRunner] loc=scheduler_job_runner.py:3244
2026-08-05T20:09:06.372467Z [info     ] Adopting or resetting orphaned tasks for active dag runs [airflow.jobs.scheduler_job_runner.SchedulerJobRunner] loc=scheduler_job_runner.py:3244
2026-08-05T20:14:06.392239Z [info     ] Adopting or resetting orphaned tasks for active dag runs [airflow.jobs.scheduler_job_runner.SchedulerJobRunner] loc=scheduler_job_runner.py:3244
2026-08-05T20:19:06.414743Z [info     ] Adopting or resetting orphaned tasks for active dag runs [airflow.jobs.scheduler_job_runner.SchedulerJobRunner] loc=scheduler_job_runner.py:3244
2026-08-05T20:24:06.435032Z [info     ] Adopting or resetting orphaned tasks for active dag runs [airflow.jobs.scheduler_job_runner.SchedulerJobRunner] loc=scheduler_job_runner.py:3244
2026-08-05T20:29:06.464603Z [info     ] Adopting or resetting orphaned tasks for active dag runs [airflow.jobs.scheduler_job_runner.SchedulerJobRunner] loc=scheduler_job_runner.py:3244
2026-08-05T20:34:06.482468Z [info     ] Adopting or resetting orphaned tasks for active dag runs [airflow.jobs.scheduler_job_runner.SchedulerJobRunner] loc=scheduler_job_runner.py:3244
2026-08-05T20:39:06.512512Z [info     ] Adopting or resetting orphaned tasks for active dag runs [airflow.jobs.scheduler_job_runner.SchedulerJobRunner] loc=scheduler_job_runner.py:3244
2026-08-05T20:44:06.533331Z [info     ] Adopting or resetting orphaned tasks for active dag runs [airflow.jobs.scheduler_job_runner.SchedulerJobRunner] loc=scheduler_job_runner.py:3244
2026-08-05T20:49:06.550431Z [info     ] Adopting or resetting orphaned tasks for active dag runs [airflow.jobs.scheduler_job_runner.SchedulerJobRunner] loc=scheduler_job_runner.py:3244
2026-08-05T20:54:06.567566Z [info     ] Adopting or resetting orphaned tasks for active dag runs [airflow.jobs.scheduler_job_runner.SchedulerJobRunner] loc=scheduler_job_runner.py:3244
2026-08-05T20:59:06.597902Z [info     ] Adopting or resetting orphaned tasks for active dag runs [airflow.jobs.scheduler_job_runner.SchedulerJobRunner] loc=scheduler_job_runner.py:3244
2026-08-05T21:04:06.618505Z [info     ] Adopting or resetting orphaned tasks for active dag runs [airflow.jobs.scheduler_job_runner.SchedulerJobRunner] loc=scheduler_job_runner.py:3244
2026-08-05T21:09:06.636673Z [info     ] Adopting or resetting orphaned tasks for active dag runs [airflow.jobs.scheduler_job_runner.SchedulerJobRunner] loc=scheduler_job_runner.py:3244
2026-08-05T21:14:06.667048Z [info     ] Adopting or resetting orphaned tasks for active dag runs [airflow.jobs.scheduler_job_runner.SchedulerJobRunner] loc=scheduler_job_runner.py:3244
2026-08-05T21:19:06.686065Z [info     ] Adopting or resetting orphaned tasks for active dag runs [airflow.jobs.scheduler_job_runner.SchedulerJobRunner] loc=scheduler_job_runner.py:3244
2026-08-05T21:24:06.803821Z [info     ] Adopting or resetting orphaned tasks for active dag runs [airflow.jobs.scheduler_job_runner.SchedulerJobRunner] loc=scheduler_job_runner.py:3244
2026-08-05T21:29:06.842755Z [info     ] Adopting or resetting orphaned tasks for active dag runs [airflow.jobs.scheduler_job_runner.SchedulerJobRunner] loc=scheduler_job_runner.py:3244
2026-08-05T21:34:06.862454Z [info     ] Adopting or resetting orphaned tasks for active dag runs [airflow.jobs.scheduler_job_runner.SchedulerJobRunner] loc=scheduler_job_runner.py:3244
2026-08-05T21:39:06.891307Z [info     ] Adopting or resetting orphaned tasks for active dag runs [airflow.jobs.scheduler_job_runner.SchedulerJobRunner] loc=scheduler_job_runner.py:3244
2026-08-05T21:44:06.928526Z [info     ] Adopting or resetting orphaned tasks for active dag runs [airflow.jobs.scheduler_job_runner.SchedulerJobRunner] loc=scheduler_job_runner.py:3244
2026-08-05T21:49:06.960170Z [info     ] Adopting or resetting orphaned tasks for active dag runs [airflow.jobs.scheduler_job_runner.SchedulerJobRunner] loc=scheduler_job_runner.py:3244
2026-08-05T21:54:06.999238Z [info     ] Adopting or resetting orphaned tasks for active dag runs [airflow.jobs.scheduler_job_runner.SchedulerJobRunner] loc=scheduler_job_runner.py:3244
2026-08-05T21:59:07.018477Z [info     ] Adopting or resetting orphaned tasks for active dag runs [airflow.jobs.scheduler_job_runner.SchedulerJobRunner] loc=scheduler_job_runner.py:3244
2026-08-05T22:04:07.035441Z [info     ] Adopting or resetting orphaned tasks for active dag runs [airflow.jobs.scheduler_job_runner.SchedulerJobRunner] loc=scheduler_job_runner.py:3244
2026-08-05T22:09:07.052969Z [info     ] Adopting or resetting orphaned tasks for active dag runs [airflow.jobs.scheduler_job_runner.SchedulerJobRunner] loc=scheduler_job_runner.py:3244
2026-08-05T22:14:07.077048Z [info     ] Adopting or resetting orphaned tasks for active dag runs [airflow.jobs.scheduler_job_runner.SchedulerJobRunner] loc=scheduler_job_runner.py:3244
2026-08-05T22:19:07.103112Z [info     ] Adopting or resetting orphaned tasks for active dag runs [airflow.jobs.scheduler_job_runner.SchedulerJobRunner] loc=scheduler_job_runner.py:3244
2026-08-05T22:24:07.127573Z [info     ] Adopting or resetting orphaned tasks for active dag runs [airflow.jobs.scheduler_job_runner.SchedulerJobRunner] loc=scheduler_job_runner.py:3244
2026-08-05T22:29:07.155173Z [info     ] Adopting or resetting orphaned tasks for active dag runs [airflow.jobs.scheduler_job_runner.SchedulerJobRunner] loc=scheduler_job_runner.py:3244
2026-08-05T22:34:07.180823Z [info     ] Adopting or resetting orphaned tasks for active dag runs [airflow.jobs.scheduler_job_runner.SchedulerJobRunner] loc=scheduler_job_runner.py:3244
2026-08-05T22:39:07.197064Z [info     ] Adopting or resetting orphaned tasks for active dag runs [airflow.jobs.scheduler_job_runner.SchedulerJobRunner] loc=scheduler_job_runner.py:3244
2026-08-05T22:44:07.217577Z [info     ] Adopting or resetting orphaned tasks for active dag runs [airflow.jobs.scheduler_job_runner.SchedulerJobRunner] loc=scheduler_job_runner.py:3244
2026-08-05T22:49:07.233179Z [info     ] Adopting or resetting orphaned tasks for active dag runs [airflow.jobs.scheduler_job_runner.SchedulerJobRunner] loc=scheduler_job_runner.py:3244
2026-08-05T22:54:07.261085Z [info     ] Adopting or resetting orphaned tasks for active dag runs [airflow.jobs.scheduler_job_runner.SchedulerJobRunner] loc=scheduler_job_runner.py:3244
2026-08-05T22:59:07.281127Z [info     ] Adopting or resetting orphaned tasks for active dag runs [airflow.jobs.scheduler_job_runner.SchedulerJobRunner] loc=scheduler_job_runner.py:3244
2026-08-05T23:04:07.303037Z [info     ] Adopting or resetting orphaned tasks for active dag runs [airflow.jobs.scheduler_job_runner.SchedulerJobRunner] loc=scheduler_job_runner.py:3244
2026-08-05T23:09:07.320212Z [info     ] Adopting or resetting orphaned tasks for active dag runs [airflow.jobs.scheduler_job_runner.SchedulerJobRunner] loc=scheduler_job_runner.py:3244
2026-08-05T23:14:07.344092Z [info     ] Adopting or resetting orphaned tasks for active dag runs [airflow.jobs.scheduler_job_runner.SchedulerJobRunner] loc=scheduler_job_runner.py:3244
2026-08-05T23:19:07.359589Z [info     ] Adopting or resetting orphaned tasks for active dag runs [airflow.jobs.scheduler_job_runner.SchedulerJobRunner] loc=scheduler_job_runner.py:3244
2026-08-05T23:24:07.375849Z [info     ] Adopting or resetting orphaned tasks for active dag runs [airflow.jobs.scheduler_job_runner.SchedulerJobRunner] loc=scheduler_job_runner.py:3244
2026-08-05T23:29:07.392544Z [info     ] Adopting or resetting orphaned tasks for active dag runs [airflow.jobs.scheduler_job_runner.SchedulerJobRunner] loc=scheduler_job_runner.py:3244
2026-08-05T23:34:07.414679Z [info     ] Adopting or resetting orphaned tasks for active dag runs [airflow.jobs.scheduler_job_runner.SchedulerJobRunner] loc=scheduler_job_runner.py:3244
2026-08-05T23:39:07.443991Z [info     ] Adopting or resetting orphaned tasks for active dag runs [airflow.jobs.scheduler_job_runner.SchedulerJobRunner] loc=scheduler_job_runner.py:3244
2026-08-05T23:44:07.471278Z [info     ] Adopting or resetting orphaned tasks for active dag runs [airflow.jobs.scheduler_job_runner.SchedulerJobRunner] loc=scheduler_job_runner.py:3244
2026-08-05T23:49:07.497311Z [info     ] Adopting or resetting orphaned tasks for active dag runs [airflow.jobs.scheduler_job_runner.SchedulerJobRunner] loc=scheduler_job_runner.py:3244
2026-08-05T23:54:07.516227Z [info     ] Adopting or resetting orphaned tasks for active dag runs [airflow.jobs.scheduler_job_runner.SchedulerJobRunner] loc=scheduler_job_runner.py:3244
2026-08-05T23:59:07.544918Z [info     ] Adopting or resetting orphaned tasks for active dag runs [airflow.jobs.scheduler_job_runner.SchedulerJobRunner] loc=scheduler_job_runner.py:3244
2026-08-06T00:04:07.567884Z [info     ] Adopting or resetting orphaned tasks for active dag runs [airflow.jobs.scheduler_job_runner.SchedulerJobRunner] loc=scheduler_job_runner.py:3244
2026-08-06T00:09:07.600556Z [info     ] Adopting or resetting orphaned tasks for active dag runs [airflow.jobs.scheduler_job_runner.SchedulerJobRunner] loc=scheduler_job_runner.py:3244
2026-08-06T00:14:07.630934Z [info     ] Adopting or resetting orphaned tasks for active dag runs [airflow.jobs.scheduler_job_runner.SchedulerJobRunner] loc=scheduler_job_runner.py:3244
2026-08-06T00:19:07.654063Z [info     ] Adopting or resetting orphaned tasks for active dag runs [airflow.jobs.scheduler_job_runner.SchedulerJobRunner] loc=scheduler_job_runner.py:3244
2026-08-06T00:24:07.702994Z [info     ] Adopting or resetting orphaned tasks for active dag runs [airflow.jobs.scheduler_job_runner.SchedulerJobRunner] loc=scheduler_job_runner.py:3244
2026-08-06T00:29:07.741914Z [info     ] Adopting or resetting orphaned tasks for active dag runs [airflow.jobs.scheduler_job_runner.SchedulerJobRunner] loc=scheduler_job_runner.py:3244
2026-08-06T00:34:07.765531Z [info     ] Adopting or resetting orphaned tasks for active dag runs [airflow.jobs.scheduler_job_runner.SchedulerJobRunner] loc=scheduler_job_runner.py:3244
2026-08-06T00:39:07.788433Z [info     ] Adopting or resetting orphaned tasks for active dag runs [airflow.jobs.scheduler_job_runner.SchedulerJobRunner] loc=scheduler_job_runner.py:3244
2026-08-06T00:44:07.817908Z [info     ] Adopting or resetting orphaned tasks for active dag runs [airflow.jobs.scheduler_job_runner.SchedulerJobRunner] loc=scheduler_job_runner.py:3244
2026-08-06T00:49:07.849653Z [info     ] Adopting or resetting orphaned tasks for active dag runs [airflow.jobs.scheduler_job_runner.SchedulerJobRunner] loc=scheduler_job_runner.py:3244
2026-08-06T00:54:07.875153Z [info     ] Adopting or resetting orphaned tasks for active dag runs [airflow.jobs.scheduler_job_runner.SchedulerJobRunner] loc=scheduler_job_runner.py:3244
2026-08-06T00:59:07.916975Z [info     ] Adopting or resetting orphaned tasks for active dag runs [airflow.jobs.scheduler_job_runner.SchedulerJobRunner] loc=scheduler_job_runner.py:3244
2026-08-06T01:04:07.933395Z [info     ] Adopting or resetting orphaned tasks for active dag runs [airflow.jobs.scheduler_job_runner.SchedulerJobRunner] loc=scheduler_job_runner.py:3244
2026-08-06T01:09:07.953323Z [info     ] Adopting or resetting orphaned tasks for active dag runs [airflow.jobs.scheduler_job_runner.SchedulerJobRunner] loc=scheduler_job_runner.py:3244
2026-08-06T01:14:08.011479Z [info     ] Adopting or resetting orphaned tasks for active dag runs [airflow.jobs.scheduler_job_runner.SchedulerJobRunner] loc=scheduler_job_runner.py:3244
2026-08-06T01:19:08.034904Z [info     ] Adopting or resetting orphaned tasks for active dag runs [airflow.jobs.scheduler_job_runner.SchedulerJobRunner] loc=scheduler_job_runner.py:3244
2026-08-06T01:24:08.058659Z [info     ] Adopting or resetting orphaned tasks for active dag runs [airflow.jobs.scheduler_job_runner.SchedulerJobRunner] loc=scheduler_job_runner.py:3244
2026-08-06T01:29:08.095710Z [info     ] Adopting or resetting orphaned tasks for active dag runs [airflow.jobs.scheduler_job_runner.SchedulerJobRunner] loc=scheduler_job_runner.py:3244
2026-08-06T01:34:08.115984Z [info     ] Adopting or resetting orphaned tasks for active dag runs [airflow.jobs.scheduler_job_runner.SchedulerJobRunner] loc=scheduler_job_runner.py:3244
2026-08-06T01:39:08.135889Z [info     ] Adopting or resetting orphaned tasks for active dag runs [airflow.jobs.scheduler_job_runner.SchedulerJobRunner] loc=scheduler_job_runner.py:3244
2026-08-06T01:44:08.165612Z [info     ] Adopting or resetting orphaned tasks for active dag runs [airflow.jobs.scheduler_job_runner.SchedulerJobRunner] loc=scheduler_job_runner.py:3244
2026-08-06T01:49:08.191926Z [info     ] Adopting or resetting orphaned tasks for active dag runs [airflow.jobs.scheduler_job_runner.SchedulerJobRunner] loc=scheduler_job_runner.py:3244
2026-08-06T01:54:08.212578Z [info     ] Adopting or resetting orphaned tasks for active dag runs [airflow.jobs.scheduler_job_runner.SchedulerJobRunner] loc=scheduler_job_runner.py:3244
2026-08-06T01:59:08.239846Z [info     ] Adopting or resetting orphaned tasks for active dag runs [airflow.jobs.scheduler_job_runner.SchedulerJobRunner] loc=scheduler_job_runner.py:3244
2026-08-06T02:04:08.256257Z [info     ] Adopting or resetting orphaned tasks for active dag runs [airflow.jobs.scheduler_job_runner.SchedulerJobRunner] loc=scheduler_job_runner.py:3244
2026-08-06T02:09:08.275166Z [info     ] Adopting or resetting orphaned tasks for active dag runs [airflow.jobs.scheduler_job_runner.SchedulerJobRunner] loc=scheduler_job_runner.py:3244
2026-08-06T02:14:08.297307Z [info     ] Adopting or resetting orphaned tasks for active dag runs [airflow.jobs.scheduler_job_runner.SchedulerJobRunner] loc=scheduler_job_runner.py:3244
2026-08-06T02:19:08.315108Z [info     ] Adopting or resetting orphaned tasks for active dag runs [airflow.jobs.scheduler_job_runner.SchedulerJobRunner] loc=scheduler_job_runner.py:3244
2026-08-06T02:24:08.336182Z [info     ] Adopting or resetting orphaned tasks for active dag runs [airflow.jobs.scheduler_job_runner.SchedulerJobRunner] loc=scheduler_job_runner.py:3244
2026-08-06T02:29:08.359227Z [info     ] Adopting or resetting orphaned tasks for active dag runs [airflow.jobs.scheduler_job_runner.SchedulerJobRunner] loc=scheduler_job_runner.py:3244
2026-08-06T02:34:08.380354Z [info     ] Adopting or resetting orphaned tasks for active dag runs [airflow.jobs.scheduler_job_runner.SchedulerJobRunner] loc=scheduler_job_runner.py:3244
2026-08-06T02:39:08.398549Z [info     ] Adopting or resetting orphaned tasks for active dag runs [airflow.jobs.scheduler_job_runner.SchedulerJobRunner] loc=scheduler_job_runner.py:3244
2026-08-06T02:44:08.415951Z [info     ] Adopting or resetting orphaned tasks for active dag runs [airflow.jobs.scheduler_job_runner.SchedulerJobRunner] loc=scheduler_job_runner.py:3244
2026-08-06T02:49:08.442213Z [info     ] Adopting or resetting orphaned tasks for active dag runs [airflow.jobs.scheduler_job_runner.SchedulerJobRunner] loc=scheduler_job_runner.py:3244
2026-08-06T02:54:08.471258Z [info     ] Adopting or resetting orphaned tasks for active dag runs [airflow.jobs.scheduler_job_runner.SchedulerJobRunner] loc=scheduler_job_runner.py:3244

Requirement already satisfied: yfinance in /home/airflow/.local/lib/python3.13/site-packages (1.5.2)
Requirement already satisfied: pandas in /home/airflow/.local/lib/python3.13/site-packages (2.3.3)
Requirement already satisfied: numpy>=1.16.5 in /home/airflow/.local/lib/python3.13/site-packages (from yfinance) (2.5.0)
Requirement already satisfied: requests>=2.31 in /home/airflow/.local/lib/python3.13/site-packages (from yfinance) (2.34.2)
Requirement already satisfied: multitasking>=0.0.7 in /home/airflow/.local/lib/python3.13/site-packages (from yfinance) (0.0.13)
Requirement already satisfied: platformdirs>=2.0.0 in /home/airflow/.local/lib/python3.13/site-packages (from yfinance) (4.10.0)
Requirement already satisfied: pytz>=2022.5 in /home/airflow/.local/lib/python3.13/site-packages (from yfinance) (2026.2)
Requirement already satisfied: peewee>=3.16.2 in /home/airflow/.local/lib/python3.13/site-packages (from yfinance) (4.3.0)
Requirement already satisfied: beautifulsoup4>=4.11.1 in /home/airflow/.local/lib/python3.13/site-packages (from yfinance) (4.15.0)
Requirement already satisfied: curl_cffi>=0.15 in /home/airflow/.local/lib/python3.13/site-packages (from yfinance) (0.16.0)
Requirement already satisfied: protobuf>=3.19.0 in /home/airflow/.local/lib/python3.13/site-packages (from yfinance) (6.33.6)
Requirement already satisfied: websockets>=13.0 in /home/airflow/.local/lib/python3.13/site-packages (from yfinance) (16.0)
Requirement already satisfied: python-dateutil>=2.8.2 in /home/airflow/.local/lib/python3.13/site-packages (from pandas) (2.9.0.post0)
Requirement already satisfied: tzdata>=2022.7 in /home/airflow/.local/lib/python3.13/site-packages (from pandas) (2026.2)
Requirement already satisfied: soupsieve>=1.6.1 in /home/airflow/.local/lib/python3.13/site-packages (from beautifulsoup4>=4.11.1->yfinance) (2.8.4)
Requirement already satisfied: typing-extensions>=4.0.0 in /home/airflow/.local/lib/python3.13/site-packages (from beautifulsoup4>=4.11.1->yfinance) (4.16.0)
Requirement already satisfied: cffi>=2.0.0 in /home/airflow/.local/lib/python3.13/site-packages (from curl_cffi>=0.15->yfinance) (2.0.0)
Requirement already satisfied: certifi>=2024.2.2 in /home/airflow/.local/lib/python3.13/site-packages (from curl_cffi>=0.15->yfinance) (2026.6.17)
Requirement already satisfied: pycparser in /home/airflow/.local/lib/python3.13/site-packages (from cffi>=2.0.0->curl_cffi>=0.15->yfinance) (3.0)
Requirement already satisfied: six>=1.5 in /home/airflow/.local/lib/python3.13/site-packages (from python-dateutil>=2.8.2->pandas) (1.17.0)
Requirement already satisfied: charset_normalizer<4,>=2 in /home/airflow/.local/lib/python3.13/site-packages (from requests>=2.31->yfinance) (3.4.7)
Requirement already satisfied: idna<4,>=2.5 in /home/airflow/.local/lib/python3.13/site-packages (from requests>=2.31->yfinance) (3.18)
Requirement already satisfied: urllib3<3,>=1.26 in /home/airflow/.local/lib/python3.13/site-packages (from requests>=2.31->yfinance) (2.7.0)
BACKEND=redis
DB_HOST=redis
DB_PORT=6379

2026-08-08T18:15:04.667314Z [info     ] setup plugin alembic.autogenerate.schemas [alembic.runtime.plugins] loc=plugins.py:37
2026-08-08T18:15:04.667973Z [info     ] setup plugin alembic.autogenerate.tables [alembic.runtime.plugins] loc=plugins.py:37
2026-08-08T18:15:04.668228Z [info     ] setup plugin alembic.autogenerate.types [alembic.runtime.plugins] loc=plugins.py:37
2026-08-08T18:15:04.668471Z [info     ] setup plugin alembic.autogenerate.constraints [alembic.runtime.plugins] loc=plugins.py:37
2026-08-08T18:15:04.668754Z [info     ] setup plugin alembic.autogenerate.defaults [alembic.runtime.plugins] loc=plugins.py:37
2026-08-08T18:15:04.669128Z [info     ] setup plugin alembic.autogenerate.comments [alembic.runtime.plugins] loc=plugins.py:37
  ____________       _____________
 ____    |__( )_________  __/__  /________      __
____  /| |_  /__  ___/_  /_ __  /_  __ \_ | /| / /
___  ___ |  / _  /   _  __/ _  / / /_/ /_ |/ |/ /
 _/_/  |_/_/  /_/    /_/    /_/  \____/____/|__/
2026-08-08T18:15:05.318761Z [warning  ] No visibility_timeout configured in [celery_broker_transport_options]. Using default of 86400 seconds (24 hours). Celery tasks running longer than this will be redelivered by the broker, which terminates the original task. If you have long-running tasks, increase this value in your Airflow configuration: [celery_broker_transport_options] visibility_timeout = <seconds> [airflow.providers.celery.executors.default_celery] loc=default_celery.py:60
2026-08-08T18:15:05.396071Z [warning  ] No visibility_timeout configured in [celery_broker_transport_options]. Using default of 86400 seconds (24 hours). Celery tasks running longer than this will be redelivered by the broker, which terminates the original task. If you have long-running tasks, increase this value in your Airflow configuration: [celery_broker_transport_options] visibility_timeout = <seconds> [airflow.providers.celery.executors.default_celery] loc=default_celery.py:60
2026-08-08T18:15:05.403752Z [info     ] Loaded executor: :CeleryExecutor: [airflow.executors.executor_loader] loc=executor_loader.py:376
2026-08-08T18:15:06.111341Z [info     ] Starting the scheduler         [airflow.jobs.scheduler_job_runner.SchedulerJobRunner] loc=scheduler_job_runner.py:1589
2026-08-08T18:15:06.116594Z [info     ] Adopting or resetting orphaned tasks for active dag runs [airflow.jobs.scheduler_job_runner.SchedulerJobRunner] loc=scheduler_job_runner.py:3244
2026-08-08T18:15:06.125970Z [info     ] Marked 1 SchedulerJob instances as failed [airflow.jobs.scheduler_job_runner.SchedulerJobRunner] loc=scheduler_job_runner.py:3268
2026-08-08T18:15:06.261293Z [info     ] creating dag run               [airflow.serialization.definitions.dag] loc=dag.py:607 logical_date=DateTime(2026, 8, 6, 18, 0, 0, tzinfo=Timezone('UTC')) partition_key=None run_after=DateTime(2026, 8, 6, 18, 0, 0, tzinfo=Timezone('UTC')) run_id=scheduled__2026-08-06T18:00:00+00:00
2026-08-08T18:15:06.375994Z [info     ] get next_dagrun_info_v2        [airflow.serialization.definitions.dag] last_automated_run_info=DagRunInfo(run_after=DateTime(2026, 8, 6, 18, 0, 0, tzinfo=Timezone('UTC')), data_interval=DataInterval(start=DateTime(2026, 8, 6, 18, 0, 0, tzinfo=Timezone('UTC')), end=DateTime(2026, 8, 6, 18, 0, 0, tzinfo=Timezone('UTC'))), partition_date=None, partition_key=None) loc=dag.py:445 next_info=DagRunInfo(run_after=DateTime(2026, 8, 7, 18, 0, 0, tzinfo=Timezone('UTC')), data_interval=DataInterval(start=DateTime(2026, 8, 7, 18, 0, 0, tzinfo=Timezone('UTC')), end=DateTime(2026, 8, 7, 18, 0, 0, tzinfo=Timezone('UTC'))), partition_date=None, partition_key=None)
2026-08-08T18:15:06.376466Z [info     ] setting next dagrun info       [airflow.models.dag] loc=dag.py:848 next_dagrun='2026-08-07 18:00:00+00:00' next_dagrun_create_after='2026-08-07 18:00:00+00:00' next_dagrun_data_interval_end='2026-08-07 18:00:00+00:00' next_dagrun_data_interval_start='2026-08-07 18:00:00+00:00' next_dagrun_partition_date=None next_dagrun_partition_key=None
Dag run  in running state
Dag information Queued at: 2026-08-08 18:15:06.290549+00:00 version: 2
2026-08-08T18:15:06.642565Z [info     ] 1 tasks up for execution:
	<TaskInstance: marketvol.create_temp_dir scheduled__2026-08-06T18:00:00+00:00 [scheduled] ti_id=019fe295-f585-702b-9eb5-97a2b60eb94f> [airflow.jobs.scheduler_job_runner.SchedulerJobRunner] loc=scheduler_job_runner.py:719
2026-08-08T18:15:06.642984Z [info     ] DAG marketvol has 0/16 running and queued tasks [airflow.jobs.scheduler_job_runner.SchedulerJobRunner] loc=scheduler_job_runner.py:822
2026-08-08T18:15:06.643672Z [info     ] Setting the following tasks to queued state (scheduler job_id=11):
	<TaskInstance: marketvol.create_temp_dir scheduled__2026-08-06T18:00:00+00:00 [scheduled] ti_id=019fe295-f585-702b-9eb5-97a2b60eb94f> (id=019fe295-f585-702b-9eb5-97a2b60eb94f, try_number=1) [airflow.jobs.scheduler_job_runner.SchedulerJobRunner] loc=scheduler_job_runner.py:978
2026-08-08T18:15:06.655800Z [info     ] Trying to enqueue tasks: [<TaskInstance: marketvol.create_temp_dir scheduled__2026-08-06T18:00:00+00:00 [scheduled] ti_id=019fe295-f585-702b-9eb5-97a2b60eb94f>] for executor: CeleryExecutor(parallelism=32) [airflow.jobs.scheduler_job_runner.SchedulerJobRunner] loc=scheduler_job_runner.py:1152
2026-08-08T18:15:06.675514Z [warning  ] The HMAC key is 18 bytes long, which is below the minimum recommended length of 64 bytes for SHA512. See RFC 7518 Section 3.2. [py.warnings] category=InsecureKeyLengthWarning filename=/home/airflow/.local/lib/python3.13/site-packages/jwt/api_jwt.py lineno=147
2026-08-08T18:15:06.781203Z [warning  ] No visibility_timeout configured in [celery_broker_transport_options]. Using default of 86400 seconds (24 hours). Celery tasks running longer than this will be redelivered by the broker, which terminates the original task. If you have long-running tasks, increase this value in your Airflow configuration: [celery_broker_transport_options] visibility_timeout = <seconds> [airflow.providers.celery.executors.default_celery] loc=default_celery.py:60
2026-08-08T18:15:07.569071Z [info     ] Received executor event with state queued for task instance TaskInstanceKey(dag_id='marketvol', task_id='create_temp_dir', run_id='scheduled__2026-08-06T18:00:00+00:00', try_number=1, map_index=-1) [airflow.jobs.scheduler_job_runner.SchedulerJobRunner] loc=scheduler_job_runner.py:1311
2026-08-08T18:15:07.656062Z [info     ] Setting external_executor_id for <TaskInstance: marketvol.create_temp_dir scheduled__2026-08-06T18:00:00+00:00 [queued] ti_id=019fe295-f585-702b-9eb5-97a2b60eb94f> to f40bd0f7-fe4c-40a1-acfa-695023b85ae3 [airflow.jobs.scheduler_job_runner.SchedulerJobRunner] loc=scheduler_job_runner.py:1393
2026-08-08T18:15:07.731372Z [info     ] creating dag run               [airflow.serialization.definitions.dag] loc=dag.py:607 logical_date=DateTime(2026, 8, 7, 18, 0, 0, tzinfo=Timezone('UTC')) partition_key=None run_after=DateTime(2026, 8, 7, 18, 0, 0, tzinfo=Timezone('UTC')) run_id=scheduled__2026-08-07T18:00:00+00:00
2026-08-08T18:15:07.756659Z [info     ] get next_dagrun_info_v2        [airflow.serialization.definitions.dag] last_automated_run_info=DagRunInfo(run_after=DateTime(2026, 8, 7, 18, 0, 0, tzinfo=Timezone('UTC')), data_interval=DataInterval(start=DateTime(2026, 8, 7, 18, 0, 0, tzinfo=Timezone('UTC')), end=DateTime(2026, 8, 7, 18, 0, 0, tzinfo=Timezone('UTC'))), partition_date=None, partition_key=None) loc=dag.py:445 next_info=DagRunInfo(run_after=DateTime(2026, 8, 10, 18, 0, 0, tzinfo=Timezone('UTC')), data_interval=DataInterval(start=DateTime(2026, 8, 10, 18, 0, 0, tzinfo=Timezone('UTC')), end=DateTime(2026, 8, 10, 18, 0, 0, tzinfo=Timezone('UTC'))), partition_date=None, partition_key=None)
2026-08-08T18:15:07.757327Z [info     ] setting next dagrun info       [airflow.models.dag] loc=dag.py:848 next_dagrun='2026-08-10 18:00:00+00:00' next_dagrun_create_after='2026-08-10 18:00:00+00:00' next_dagrun_data_interval_end='2026-08-10 18:00:00+00:00' next_dagrun_data_interval_start='2026-08-10 18:00:00+00:00' next_dagrun_partition_date=None next_dagrun_partition_key=None
Dag run  in running state
Dag information Queued at: 2026-08-08 18:15:07.734499+00:00 version: 2
2026-08-08T18:15:07.905840Z [info     ] 1 tasks up for execution:
	<TaskInstance: marketvol.create_temp_dir scheduled__2026-08-07T18:00:00+00:00 [scheduled] ti_id=019fe295-fae7-7c09-b2d6-93f54617b0d7> [airflow.jobs.scheduler_job_runner.SchedulerJobRunner] loc=scheduler_job_runner.py:719
2026-08-08T18:15:07.906109Z [info     ] DAG marketvol has 0/16 running and queued tasks [airflow.jobs.scheduler_job_runner.SchedulerJobRunner] loc=scheduler_job_runner.py:822
2026-08-08T18:15:07.906353Z [info     ] Setting the following tasks to queued state (scheduler job_id=11):
	<TaskInstance: marketvol.create_temp_dir scheduled__2026-08-07T18:00:00+00:00 [scheduled] ti_id=019fe295-fae7-7c09-b2d6-93f54617b0d7> (id=019fe295-fae7-7c09-b2d6-93f54617b0d7, try_number=1) [airflow.jobs.scheduler_job_runner.SchedulerJobRunner] loc=scheduler_job_runner.py:978
2026-08-08T18:15:07.909539Z [info     ] Trying to enqueue tasks: [<TaskInstance: marketvol.create_temp_dir scheduled__2026-08-07T18:00:00+00:00 [scheduled] ti_id=019fe295-fae7-7c09-b2d6-93f54617b0d7>] for executor: CeleryExecutor(parallelism=32) [airflow.jobs.scheduler_job_runner.SchedulerJobRunner] loc=scheduler_job_runner.py:1152
2026-08-08T18:15:07.993381Z [info     ] Received executor event with state queued for task instance TaskInstanceKey(dag_id='marketvol', task_id='create_temp_dir', run_id='scheduled__2026-08-07T18:00:00+00:00', try_number=1, map_index=-1) [airflow.jobs.scheduler_job_runner.SchedulerJobRunner] loc=scheduler_job_runner.py:1311
2026-08-08T18:15:08.013998Z [info     ] Setting external_executor_id for <TaskInstance: marketvol.create_temp_dir scheduled__2026-08-07T18:00:00+00:00 [queued] ti_id=019fe295-fae7-7c09-b2d6-93f54617b0d7> to 0947a623-60da-4c83-8456-ef1152d775cf [airflow.jobs.scheduler_job_runner.SchedulerJobRunner] loc=scheduler_job_runner.py:1393
2026-08-08T18:15:19.636178Z [info     ] 4 tasks up for execution:
	<TaskInstance: marketvol.download_tsla_data scheduled__2026-08-06T18:00:00+00:00 [scheduled] ti_id=019fe295-f587-7ec8-94df-cf1f907327b9>
	<TaskInstance: marketvol.download_aapl_data scheduled__2026-08-06T18:00:00+00:00 [scheduled] ti_id=019fe295-f586-76ae-a333-20c61744e45a>
	<TaskInstance: marketvol.download_aapl_data scheduled__2026-08-07T18:00:00+00:00 [scheduled] ti_id=019fe295-fae8-7341-87f1-1d5d62ca65f6>
	<TaskInstance: marketvol.download_tsla_data scheduled__2026-08-07T18:00:00+00:00 [scheduled] ti_id=019fe295-fae9-77b7-92f2-cc0c32020b49> [airflow.jobs.scheduler_job_runner.SchedulerJobRunner] loc=scheduler_job_runner.py:719
2026-08-08T18:15:19.636597Z [info     ] DAG marketvol has 0/16 running and queued tasks [airflow.jobs.scheduler_job_runner.SchedulerJobRunner] loc=scheduler_job_runner.py:822
2026-08-08T18:15:19.636830Z [info     ] DAG marketvol has 1/16 running and queued tasks [airflow.jobs.scheduler_job_runner.SchedulerJobRunner] loc=scheduler_job_runner.py:822
2026-08-08T18:15:19.637042Z [info     ] DAG marketvol has 0/16 running and queued tasks [airflow.jobs.scheduler_job_runner.SchedulerJobRunner] loc=scheduler_job_runner.py:822
2026-08-08T18:15:19.637234Z [info     ] DAG marketvol has 1/16 running and queued tasks [airflow.jobs.scheduler_job_runner.SchedulerJobRunner] loc=scheduler_job_runner.py:822
2026-08-08T18:15:19.637529Z [info     ] Setting the following tasks to queued state (scheduler job_id=11):
	<TaskInstance: marketvol.download_tsla_data scheduled__2026-08-06T18:00:00+00:00 [scheduled] ti_id=019fe295-f587-7ec8-94df-cf1f907327b9> (id=019fe295-f587-7ec8-94df-cf1f907327b9, try_number=1)
	<TaskInstance: marketvol.download_aapl_data scheduled__2026-08-06T18:00:00+00:00 [scheduled] ti_id=019fe295-f586-76ae-a333-20c61744e45a> (id=019fe295-f586-76ae-a333-20c61744e45a, try_number=1)
	<TaskInstance: marketvol.download_aapl_data scheduled__2026-08-07T18:00:00+00:00 [scheduled] ti_id=019fe295-fae8-7341-87f1-1d5d62ca65f6> (id=019fe295-fae8-7341-87f1-1d5d62ca65f6, try_number=1)
	<TaskInstance: marketvol.download_tsla_data scheduled__2026-08-07T18:00:00+00:00 [scheduled] ti_id=019fe295-fae9-77b7-92f2-cc0c32020b49> (id=019fe295-fae9-77b7-92f2-cc0c32020b49, try_number=1) [airflow.jobs.scheduler_job_runner.SchedulerJobRunner] loc=scheduler_job_runner.py:978
2026-08-08T18:15:19.643181Z [info     ] Trying to enqueue tasks: [<TaskInstance: marketvol.download_tsla_data scheduled__2026-08-06T18:00:00+00:00 [scheduled] ti_id=019fe295-f587-7ec8-94df-cf1f907327b9>, <TaskInstance: marketvol.download_aapl_data scheduled__2026-08-06T18:00:00+00:00 [scheduled] ti_id=019fe295-f586-76ae-a333-20c61744e45a>, <TaskInstance: marketvol.download_aapl_data scheduled__2026-08-07T18:00:00+00:00 [scheduled] ti_id=019fe295-fae8-7341-87f1-1d5d62ca65f6>, <TaskInstance: marketvol.download_tsla_data scheduled__2026-08-07T18:00:00+00:00 [scheduled] ti_id=019fe295-fae9-77b7-92f2-cc0c32020b49>] for executor: CeleryExecutor(parallelism=32) [airflow.jobs.scheduler_job_runner.SchedulerJobRunner] loc=scheduler_job_runner.py:1152
2026-08-08T18:15:20.190608Z [info     ] Received executor event with state queued for task instance TaskInstanceKey(dag_id='marketvol', task_id='download_tsla_data', run_id='scheduled__2026-08-06T18:00:00+00:00', try_number=1, map_index=-1) [airflow.jobs.scheduler_job_runner.SchedulerJobRunner] loc=scheduler_job_runner.py:1311
2026-08-08T18:15:20.191870Z [info     ] Received executor event with state queued for task instance TaskInstanceKey(dag_id='marketvol', task_id='download_aapl_data', run_id='scheduled__2026-08-06T18:00:00+00:00', try_number=1, map_index=-1) [airflow.jobs.scheduler_job_runner.SchedulerJobRunner] loc=scheduler_job_runner.py:1311
2026-08-08T18:15:20.192229Z [info     ] Received executor event with state queued for task instance TaskInstanceKey(dag_id='marketvol', task_id='download_aapl_data', run_id='scheduled__2026-08-07T18:00:00+00:00', try_number=1, map_index=-1) [airflow.jobs.scheduler_job_runner.SchedulerJobRunner] loc=scheduler_job_runner.py:1311
2026-08-08T18:15:20.196556Z [info     ] Received executor event with state queued for task instance TaskInstanceKey(dag_id='marketvol', task_id='download_tsla_data', run_id='scheduled__2026-08-07T18:00:00+00:00', try_number=1, map_index=-1) [airflow.jobs.scheduler_job_runner.SchedulerJobRunner] loc=scheduler_job_runner.py:1311
2026-08-08T18:15:20.197071Z [info     ] Received executor event with state success for task instance TaskInstanceKey(dag_id='marketvol', task_id='create_temp_dir', run_id='scheduled__2026-08-06T18:00:00+00:00', try_number=1, map_index=-1) [airflow.jobs.scheduler_job_runner.SchedulerJobRunner] loc=scheduler_job_runner.py:1311
2026-08-08T18:15:20.198153Z [info     ] Received executor event with state success for task instance TaskInstanceKey(dag_id='marketvol', task_id='create_temp_dir', run_id='scheduled__2026-08-07T18:00:00+00:00', try_number=1, map_index=-1) [airflow.jobs.scheduler_job_runner.SchedulerJobRunner] loc=scheduler_job_runner.py:1311
2026-08-08T18:15:20.259153Z [info     ] Setting external_executor_id for <TaskInstance: marketvol.download_aapl_data scheduled__2026-08-07T18:00:00+00:00 [running] ti_id=019fe295-fae8-7341-87f1-1d5d62ca65f6> to 8df4d56f-b5e2-4fc7-ab17-6d023e079d06 [airflow.jobs.scheduler_job_runner.SchedulerJobRunner] loc=scheduler_job_runner.py:1393
2026-08-08T18:15:20.259801Z [info     ] Setting external_executor_id for <TaskInstance: marketvol.download_aapl_data scheduled__2026-08-06T18:00:00+00:00 [queued] ti_id=019fe295-f586-76ae-a333-20c61744e45a> to 3545709e-17f4-4837-b3fd-daf621133e0c [airflow.jobs.scheduler_job_runner.SchedulerJobRunner] loc=scheduler_job_runner.py:1393
2026-08-08T18:15:20.265347Z [info     ] Setting external_executor_id for <TaskInstance: marketvol.download_tsla_data scheduled__2026-08-07T18:00:00+00:00 [queued] ti_id=019fe295-fae9-77b7-92f2-cc0c32020b49> to 8aa14b7f-909f-4018-b7d8-65351f13baf8 [airflow.jobs.scheduler_job_runner.SchedulerJobRunner] loc=scheduler_job_runner.py:1393
2026-08-08T18:15:20.265972Z [info     ] TaskInstance Finished: dag_id=marketvol, task_id=create_temp_dir, run_id=scheduled__2026-08-07T18:00:00+00:00, map_index=-1, ti_id=019fe295-fae7-7c09-b2d6-93f54617b0d7, run_start_date=2026-08-08 18:15:08.296275+00:00, run_end_date=2026-08-08 18:15:18.551359+00:00, run_duration=10.255084, state=success, executor=CeleryExecutor(parallelism=32), executor_state=success, try_number=1, max_tries=2, pool=default_pool, queue=default, priority_weight=6, operator=BashOperator, queued_dttm=2026-08-08 18:15:07.906897+00:00, scheduled_dttm=2026-08-08 18:15:07.842404+00:00,queued_by_job_id=11, pid=83 [airflow.jobs.scheduler_job_runner.SchedulerJobRunner] loc=scheduler_job_runner.py:1403
2026-08-08T18:15:20.267470Z [info     ] TaskInstance Finished: dag_id=marketvol, task_id=create_temp_dir, run_id=scheduled__2026-08-06T18:00:00+00:00, map_index=-1, ti_id=019fe295-f585-702b-9eb5-97a2b60eb94f, run_start_date=2026-08-08 18:15:08.075118+00:00, run_end_date=2026-08-08 18:15:18.535561+00:00, run_duration=10.460443, state=success, executor=CeleryExecutor(parallelism=32), executor_state=success, try_number=1, max_tries=2, pool=default_pool, queue=default, priority_weight=6, operator=BashOperator, queued_dttm=2026-08-08 18:15:06.644379+00:00, scheduled_dttm=2026-08-08 18:15:06.572229+00:00,queued_by_job_id=11, pid=82 [airflow.jobs.scheduler_job_runner.SchedulerJobRunner] loc=scheduler_job_runner.py:1403
2026-08-08T18:15:20.267997Z [info     ] Setting external_executor_id for <TaskInstance: marketvol.download_tsla_data scheduled__2026-08-06T18:00:00+00:00 [running] ti_id=019fe295-f587-7ec8-94df-cf1f907327b9> to d94d63f4-393a-432d-9c28-f34279287399 [airflow.jobs.scheduler_job_runner.SchedulerJobRunner] loc=scheduler_job_runner.py:1393
2026-08-08T18:15:25.877674Z [info     ] 4 tasks up for execution:
	<TaskInstance: marketvol.move_aapl_data scheduled__2026-08-06T18:00:00+00:00 [scheduled] ti_id=019fe295-f588-7f5c-8823-69c33ba8b66a>
	<TaskInstance: marketvol.move_tsla_data scheduled__2026-08-06T18:00:00+00:00 [scheduled] ti_id=019fe295-f589-79d3-9165-d02fee782c5e>
	<TaskInstance: marketvol.move_aapl_data scheduled__2026-08-07T18:00:00+00:00 [scheduled] ti_id=019fe295-faea-7725-85ff-54201dae9bb3>
	<TaskInstance: marketvol.move_tsla_data scheduled__2026-08-07T18:00:00+00:00 [scheduled] ti_id=019fe295-faeb-7ff9-81c6-8651ee110d72> [airflow.jobs.scheduler_job_runner.SchedulerJobRunner] loc=scheduler_job_runner.py:719
2026-08-08T18:15:25.878033Z [info     ] DAG marketvol has 0/16 running and queued tasks [airflow.jobs.scheduler_job_runner.SchedulerJobRunner] loc=scheduler_job_runner.py:822
2026-08-08T18:15:25.878403Z [info     ] DAG marketvol has 1/16 running and queued tasks [airflow.jobs.scheduler_job_runner.SchedulerJobRunner] loc=scheduler_job_runner.py:822
2026-08-08T18:15:25.878677Z [info     ] DAG marketvol has 0/16 running and queued tasks [airflow.jobs.scheduler_job_runner.SchedulerJobRunner] loc=scheduler_job_runner.py:822
2026-08-08T18:15:25.879001Z [info     ] DAG marketvol has 1/16 running and queued tasks [airflow.jobs.scheduler_job_runner.SchedulerJobRunner] loc=scheduler_job_runner.py:822
2026-08-08T18:15:25.879431Z [info     ] Setting the following tasks to queued state (scheduler job_id=11):
	<TaskInstance: marketvol.move_aapl_data scheduled__2026-08-06T18:00:00+00:00 [scheduled] ti_id=019fe295-f588-7f5c-8823-69c33ba8b66a> (id=019fe295-f588-7f5c-8823-69c33ba8b66a, try_number=1)
	<TaskInstance: marketvol.move_tsla_data scheduled__2026-08-06T18:00:00+00:00 [scheduled] ti_id=019fe295-f589-79d3-9165-d02fee782c5e> (id=019fe295-f589-79d3-9165-d02fee782c5e, try_number=1)
	<TaskInstance: marketvol.move_aapl_data scheduled__2026-08-07T18:00:00+00:00 [scheduled] ti_id=019fe295-faea-7725-85ff-54201dae9bb3> (id=019fe295-faea-7725-85ff-54201dae9bb3, try_number=1)
	<TaskInstance: marketvol.move_tsla_data scheduled__2026-08-07T18:00:00+00:00 [scheduled] ti_id=019fe295-faeb-7ff9-81c6-8651ee110d72> (id=019fe295-faeb-7ff9-81c6-8651ee110d72, try_number=1) [airflow.jobs.scheduler_job_runner.SchedulerJobRunner] loc=scheduler_job_runner.py:978
2026-08-08T18:15:25.889750Z [info     ] Trying to enqueue tasks: [<TaskInstance: marketvol.move_aapl_data scheduled__2026-08-06T18:00:00+00:00 [scheduled] ti_id=019fe295-f588-7f5c-8823-69c33ba8b66a>, <TaskInstance: marketvol.move_tsla_data scheduled__2026-08-06T18:00:00+00:00 [scheduled] ti_id=019fe295-f589-79d3-9165-d02fee782c5e>, <TaskInstance: marketvol.move_aapl_data scheduled__2026-08-07T18:00:00+00:00 [scheduled] ti_id=019fe295-faea-7725-85ff-54201dae9bb3>, <TaskInstance: marketvol.move_tsla_data scheduled__2026-08-07T18:00:00+00:00 [scheduled] ti_id=019fe295-faeb-7ff9-81c6-8651ee110d72>] for executor: CeleryExecutor(parallelism=32) [airflow.jobs.scheduler_job_runner.SchedulerJobRunner] loc=scheduler_job_runner.py:1152
2026-08-08T18:15:26.321347Z [info     ] Received executor event with state queued for task instance TaskInstanceKey(dag_id='marketvol', task_id='move_aapl_data', run_id='scheduled__2026-08-06T18:00:00+00:00', try_number=1, map_index=-1) [airflow.jobs.scheduler_job_runner.SchedulerJobRunner] loc=scheduler_job_runner.py:1311
2026-08-08T18:15:26.321777Z [info     ] Received executor event with state queued for task instance TaskInstanceKey(dag_id='marketvol', task_id='move_tsla_data', run_id='scheduled__2026-08-06T18:00:00+00:00', try_number=1, map_index=-1) [airflow.jobs.scheduler_job_runner.SchedulerJobRunner] loc=scheduler_job_runner.py:1311
2026-08-08T18:15:26.321947Z [info     ] Received executor event with state queued for task instance TaskInstanceKey(dag_id='marketvol', task_id='move_aapl_data', run_id='scheduled__2026-08-07T18:00:00+00:00', try_number=1, map_index=-1) [airflow.jobs.scheduler_job_runner.SchedulerJobRunner] loc=scheduler_job_runner.py:1311
2026-08-08T18:15:26.322100Z [info     ] Received executor event with state queued for task instance TaskInstanceKey(dag_id='marketvol', task_id='move_tsla_data', run_id='scheduled__2026-08-07T18:00:00+00:00', try_number=1, map_index=-1) [airflow.jobs.scheduler_job_runner.SchedulerJobRunner] loc=scheduler_job_runner.py:1311
2026-08-08T18:15:26.322244Z [info     ] Received executor event with state success for task instance TaskInstanceKey(dag_id='marketvol', task_id='download_aapl_data', run_id='scheduled__2026-08-06T18:00:00+00:00', try_number=1, map_index=-1) [airflow.jobs.scheduler_job_runner.SchedulerJobRunner] loc=scheduler_job_runner.py:1311
2026-08-08T18:15:26.322407Z [info     ] Received executor event with state success for task instance TaskInstanceKey(dag_id='marketvol', task_id='download_aapl_data', run_id='scheduled__2026-08-07T18:00:00+00:00', try_number=1, map_index=-1) [airflow.jobs.scheduler_job_runner.SchedulerJobRunner] loc=scheduler_job_runner.py:1311
2026-08-08T18:15:26.322570Z [info     ] Received executor event with state success for task instance TaskInstanceKey(dag_id='marketvol', task_id='download_tsla_data', run_id='scheduled__2026-08-07T18:00:00+00:00', try_number=1, map_index=-1) [airflow.jobs.scheduler_job_runner.SchedulerJobRunner] loc=scheduler_job_runner.py:1311
2026-08-08T18:15:26.365460Z [info     ] Setting external_executor_id for <TaskInstance: marketvol.move_aapl_data scheduled__2026-08-07T18:00:00+00:00 [running] ti_id=019fe295-faea-7725-85ff-54201dae9bb3> to c35a9695-b4fe-48e0-acfe-afd49b0a897c [airflow.jobs.scheduler_job_runner.SchedulerJobRunner] loc=scheduler_job_runner.py:1393
2026-08-08T18:15:26.369120Z [info     ] Setting external_executor_id for <TaskInstance: marketvol.move_tsla_data scheduled__2026-08-07T18:00:00+00:00 [queued] ti_id=019fe295-faeb-7ff9-81c6-8651ee110d72> to 1807aa55-6a2a-457a-b9fa-f9072f8f9a07 [airflow.jobs.scheduler_job_runner.SchedulerJobRunner] loc=scheduler_job_runner.py:1393
2026-08-08T18:15:26.369546Z [info     ] TaskInstance Finished: dag_id=marketvol, task_id=download_tsla_data, run_id=scheduled__2026-08-07T18:00:00+00:00, map_index=-1, ti_id=019fe295-fae9-77b7-92f2-cc0c32020b49, run_start_date=2026-08-08 18:15:21.602587+00:00, run_end_date=2026-08-08 18:15:25.639832+00:00, run_duration=4.037245, state=success, executor=CeleryExecutor(parallelism=32), executor_state=success, try_number=1, max_tries=2, pool=default_pool, queue=default, priority_weight=3, operator=PythonOperator, queued_dttm=2026-08-08 18:15:19.638459+00:00, scheduled_dttm=2026-08-08 18:15:19.571837+00:00,queued_by_job_id=11, pid=101 [airflow.jobs.scheduler_job_runner.SchedulerJobRunner] loc=scheduler_job_runner.py:1403
2026-08-08T18:15:26.369831Z [info     ] TaskInstance Finished: dag_id=marketvol, task_id=download_aapl_data, run_id=scheduled__2026-08-06T18:00:00+00:00, map_index=-1, ti_id=019fe295-f586-76ae-a333-20c61744e45a, run_start_date=2026-08-08 18:15:21.167823+00:00, run_end_date=2026-08-08 18:15:24.806283+00:00, run_duration=3.63846, state=success, executor=CeleryExecutor(parallelism=32), executor_state=success, try_number=1, max_tries=2, pool=default_pool, queue=default, priority_weight=3, operator=PythonOperator, queued_dttm=2026-08-08 18:15:19.638459+00:00, scheduled_dttm=2026-08-08 18:15:19.601092+00:00,queued_by_job_id=11, pid=100 [airflow.jobs.scheduler_job_runner.SchedulerJobRunner] loc=scheduler_job_runner.py:1403
2026-08-08T18:15:26.370124Z [info     ] TaskInstance Finished: dag_id=marketvol, task_id=download_aapl_data, run_id=scheduled__2026-08-07T18:00:00+00:00, map_index=-1, ti_id=019fe295-fae8-7341-87f1-1d5d62ca65f6, run_start_date=2026-08-08 18:15:19.896607+00:00, run_end_date=2026-08-08 18:15:24.691061+00:00, run_duration=4.794454, state=success, executor=CeleryExecutor(parallelism=32), executor_state=success, try_number=1, max_tries=2, pool=default_pool, queue=default, priority_weight=3, operator=PythonOperator, queued_dttm=2026-08-08 18:15:19.638459+00:00, scheduled_dttm=2026-08-08 18:15:19.571837+00:00,queued_by_job_id=11, pid=97 [airflow.jobs.scheduler_job_runner.SchedulerJobRunner] loc=scheduler_job_runner.py:1403
2026-08-08T18:15:29.212794Z [info     ] 2 tasks up for execution:
	<TaskInstance: marketvol.run_market_query scheduled__2026-08-06T18:00:00+00:00 [scheduled] ti_id=019fe295-f58a-768d-9881-c637d23a1bc1>
	<TaskInstance: marketvol.run_market_query scheduled__2026-08-07T18:00:00+00:00 [scheduled] ti_id=019fe295-faec-7eec-9dd9-2eaadf0484d8> [airflow.jobs.scheduler_job_runner.SchedulerJobRunner] loc=scheduler_job_runner.py:719
2026-08-08T18:15:29.213191Z [info     ] DAG marketvol has 0/16 running and queued tasks [airflow.jobs.scheduler_job_runner.SchedulerJobRunner] loc=scheduler_job_runner.py:822
2026-08-08T18:15:29.213495Z [info     ] DAG marketvol has 0/16 running and queued tasks [airflow.jobs.scheduler_job_runner.SchedulerJobRunner] loc=scheduler_job_runner.py:822
2026-08-08T18:15:29.213925Z [info     ] Setting the following tasks to queued state (scheduler job_id=11):
	<TaskInstance: marketvol.run_market_query scheduled__2026-08-06T18:00:00+00:00 [scheduled] ti_id=019fe295-f58a-768d-9881-c637d23a1bc1> (id=019fe295-f58a-768d-9881-c637d23a1bc1, try_number=1)
	<TaskInstance: marketvol.run_market_query scheduled__2026-08-07T18:00:00+00:00 [scheduled] ti_id=019fe295-faec-7eec-9dd9-2eaadf0484d8> (id=019fe295-faec-7eec-9dd9-2eaadf0484d8, try_number=1) [airflow.jobs.scheduler_job_runner.SchedulerJobRunner] loc=scheduler_job_runner.py:978
2026-08-08T18:15:29.219094Z [info     ] Trying to enqueue tasks: [<TaskInstance: marketvol.run_market_query scheduled__2026-08-06T18:00:00+00:00 [scheduled] ti_id=019fe295-f58a-768d-9881-c637d23a1bc1>, <TaskInstance: marketvol.run_market_query scheduled__2026-08-07T18:00:00+00:00 [scheduled] ti_id=019fe295-faec-7eec-9dd9-2eaadf0484d8>] for executor: CeleryExecutor(parallelism=32) [airflow.jobs.scheduler_job_runner.SchedulerJobRunner] loc=scheduler_job_runner.py:1152
2026-08-08T18:15:29.458709Z [info     ] Received executor event with state queued for task instance TaskInstanceKey(dag_id='marketvol', task_id='run_market_query', run_id='scheduled__2026-08-06T18:00:00+00:00', try_number=1, map_index=-1) [airflow.jobs.scheduler_job_runner.SchedulerJobRunner] loc=scheduler_job_runner.py:1311
2026-08-08T18:15:29.459061Z [info     ] Received executor event with state queued for task instance TaskInstanceKey(dag_id='marketvol', task_id='run_market_query', run_id='scheduled__2026-08-07T18:00:00+00:00', try_number=1, map_index=-1) [airflow.jobs.scheduler_job_runner.SchedulerJobRunner] loc=scheduler_job_runner.py:1311
2026-08-08T18:15:29.459171Z [info     ] Received executor event with state success for task instance TaskInstanceKey(dag_id='marketvol', task_id='move_tsla_data', run_id='scheduled__2026-08-06T18:00:00+00:00', try_number=1, map_index=-1) [airflow.jobs.scheduler_job_runner.SchedulerJobRunner] loc=scheduler_job_runner.py:1311
2026-08-08T18:15:29.459268Z [info     ] Received executor event with state success for task instance TaskInstanceKey(dag_id='marketvol', task_id='move_aapl_data', run_id='scheduled__2026-08-07T18:00:00+00:00', try_number=1, map_index=-1) [airflow.jobs.scheduler_job_runner.SchedulerJobRunner] loc=scheduler_job_runner.py:1311
2026-08-08T18:15:29.459360Z [info     ] Received executor event with state success for task instance TaskInstanceKey(dag_id='marketvol', task_id='move_tsla_data', run_id='scheduled__2026-08-07T18:00:00+00:00', try_number=1, map_index=-1) [airflow.jobs.scheduler_job_runner.SchedulerJobRunner] loc=scheduler_job_runner.py:1311
2026-08-08T18:15:29.477698Z [info     ] TaskInstance Finished: dag_id=marketvol, task_id=move_tsla_data, run_id=scheduled__2026-08-07T18:00:00+00:00, map_index=-1, ti_id=019fe295-faeb-7ff9-81c6-8651ee110d72, run_start_date=2026-08-08 18:15:26.897886+00:00, run_end_date=2026-08-08 18:15:29.091486+00:00, run_duration=2.1936, state=success, executor=CeleryExecutor(parallelism=32), executor_state=success, try_number=1, max_tries=2, pool=default_pool, queue=default, priority_weight=2, operator=BashOperator, queued_dttm=2026-08-08 18:15:25.885935+00:00, scheduled_dttm=2026-08-08 18:15:25.815768+00:00,queued_by_job_id=11, pid=130 [airflow.jobs.scheduler_job_runner.SchedulerJobRunner] loc=scheduler_job_runner.py:1403
2026-08-08T18:15:29.478251Z [info     ] TaskInstance Finished: dag_id=marketvol, task_id=move_tsla_data, run_id=scheduled__2026-08-06T18:00:00+00:00, map_index=-1, ti_id=019fe295-f589-79d3-9165-d02fee782c5e, run_start_date=2026-08-08 18:15:26.090847+00:00, run_end_date=2026-08-08 18:15:29.019421+00:00, run_duration=2.928574, state=success, executor=CeleryExecutor(parallelism=32), executor_state=success, try_number=1, max_tries=2, pool=default_pool, queue=default, priority_weight=2, operator=BashOperator, queued_dttm=2026-08-08 18:15:25.885935+00:00, scheduled_dttm=2026-08-08 18:15:25.839803+00:00,queued_by_job_id=11, pid=124 [airflow.jobs.scheduler_job_runner.SchedulerJobRunner] loc=scheduler_job_runner.py:1403
2026-08-08T18:15:29.478635Z [info     ] TaskInstance Finished: dag_id=marketvol, task_id=move_aapl_data, run_id=scheduled__2026-08-07T18:00:00+00:00, map_index=-1, ti_id=019fe295-faea-7725-85ff-54201dae9bb3, run_start_date=2026-08-08 18:15:26.125953+00:00, run_end_date=2026-08-08 18:15:28.518828+00:00, run_duration=2.392875, state=success, executor=CeleryExecutor(parallelism=32), executor_state=success, try_number=1, max_tries=2, pool=default_pool, queue=default, priority_weight=2, operator=BashOperator, queued_dttm=2026-08-08 18:15:25.885935+00:00, scheduled_dttm=2026-08-08 18:15:25.815768+00:00,queued_by_job_id=11, pid=125 [airflow.jobs.scheduler_job_runner.SchedulerJobRunner] loc=scheduler_job_runner.py:1403
2026-08-08T18:15:29.478952Z [info     ] Setting external_executor_id for <TaskInstance: marketvol.run_market_query scheduled__2026-08-06T18:00:00+00:00 [running] ti_id=019fe295-f58a-768d-9881-c637d23a1bc1> to a3de3002-4a1c-44d3-9eb7-7e93f3c20ec6 [airflow.jobs.scheduler_job_runner.SchedulerJobRunner] loc=scheduler_job_runner.py:1393
2026-08-08T18:15:30.693660Z [info     ] Marking run <DagRun marketvol @ 2026-08-07 18:00:00+00:00: scheduled__2026-08-07T18:00:00+00:00, state:running, queued_at: 2026-08-08 18:15:07.734499+00:00. run_type: scheduled> successful [airflow.models.dagrun.DagRun] loc=dagrun.py:1249
Dag run in success state
Dag run start:2026-08-08 18:15:07.786580+00:00 end:2026-08-08 18:15:30.693950+00:00
2026-08-08T18:15:30.694335Z [info     ] DagRun Finished: dag_id=marketvol, logical_date=2026-08-07 18:00:00+00:00, run_id=scheduled__2026-08-07T18:00:00+00:00, run_start_date=2026-08-08 18:15:07.786580+00:00, run_end_date=2026-08-08 18:15:30.693950+00:00, run_duration=22.90737, state=success, run_type=scheduled, data_interval_start=2026-08-07 18:00:00+00:00, data_interval_end=2026-08-07 18:00:00+00:00, [airflow.models.dagrun.DagRun] loc=dagrun.py:1315
2026-08-08T18:15:30.709088Z [info     ] Marking run <DagRun marketvol @ 2026-08-06 18:00:00+00:00: scheduled__2026-08-06T18:00:00+00:00, state:running, queued_at: 2026-08-08 18:15:06.290549+00:00. run_type: scheduled> successful [airflow.models.dagrun.DagRun] loc=dagrun.py:1249
Dag run in success state
Dag run start:2026-08-08 18:15:06.445782+00:00 end:2026-08-08 18:15:30.709259+00:00
2026-08-08T18:15:30.709422Z [info     ] DagRun Finished: dag_id=marketvol, logical_date=2026-08-06 18:00:00+00:00, run_id=scheduled__2026-08-06T18:00:00+00:00, run_start_date=2026-08-08 18:15:06.445782+00:00, run_end_date=2026-08-08 18:15:30.709259+00:00, run_duration=24.263477, state=success, run_type=scheduled, data_interval_start=2026-08-06 18:00:00+00:00, data_interval_end=2026-08-06 18:00:00+00:00, [airflow.models.dagrun.DagRun] loc=dagrun.py:1315
2026-08-08T18:15:30.754647Z [info     ] Received executor event with state success for task instance TaskInstanceKey(dag_id='marketvol', task_id='download_tsla_data', run_id='scheduled__2026-08-06T18:00:00+00:00', try_number=1, map_index=-1) [airflow.jobs.scheduler_job_runner.SchedulerJobRunner] loc=scheduler_job_runner.py:1311
2026-08-08T18:15:30.754875Z [info     ] Received executor event with state success for task instance TaskInstanceKey(dag_id='marketvol', task_id='run_market_query', run_id='scheduled__2026-08-06T18:00:00+00:00', try_number=1, map_index=-1) [airflow.jobs.scheduler_job_runner.SchedulerJobRunner] loc=scheduler_job_runner.py:1311
2026-08-08T18:15:30.755007Z [info     ] Received executor event with state success for task instance TaskInstanceKey(dag_id='marketvol', task_id='run_market_query', run_id='scheduled__2026-08-07T18:00:00+00:00', try_number=1, map_index=-1) [airflow.jobs.scheduler_job_runner.SchedulerJobRunner] loc=scheduler_job_runner.py:1311
2026-08-08T18:15:30.773919Z [info     ] TaskInstance Finished: dag_id=marketvol, task_id=run_market_query, run_id=scheduled__2026-08-07T18:00:00+00:00, map_index=-1, ti_id=019fe295-faec-7eec-9dd9-2eaadf0484d8, run_start_date=2026-08-08 18:15:29.406507+00:00, run_end_date=2026-08-08 18:15:30.364346+00:00, run_duration=0.957839, state=success, executor=CeleryExecutor(parallelism=32), executor_state=success, try_number=1, max_tries=2, pool=default_pool, queue=default, priority_weight=1, operator=PythonOperator, queued_dttm=2026-08-08 18:15:29.214742+00:00, scheduled_dttm=2026-08-08 18:15:29.139278+00:00,queued_by_job_id=11, pid=145 [airflow.jobs.scheduler_job_runner.SchedulerJobRunner] loc=scheduler_job_runner.py:1403
2026-08-08T18:15:30.774150Z [info     ] TaskInstance Finished: dag_id=marketvol, task_id=run_market_query, run_id=scheduled__2026-08-06T18:00:00+00:00, map_index=-1, ti_id=019fe295-f58a-768d-9881-c637d23a1bc1, run_start_date=2026-08-08 18:15:29.381573+00:00, run_end_date=2026-08-08 18:15:30.292410+00:00, run_duration=0.910837, state=success, executor=CeleryExecutor(parallelism=32), executor_state=success, try_number=1, max_tries=2, pool=default_pool, queue=default, priority_weight=1, operator=PythonOperator, queued_dttm=2026-08-08 18:15:29.214742+00:00, scheduled_dttm=2026-08-08 18:15:29.174931+00:00,queued_by_job_id=11, pid=144 [airflow.jobs.scheduler_job_runner.SchedulerJobRunner] loc=scheduler_job_runner.py:1403
2026-08-08T18:15:30.774354Z [info     ] TaskInstance Finished: dag_id=marketvol, task_id=download_tsla_data, run_id=scheduled__2026-08-06T18:00:00+00:00, map_index=-1, ti_id=019fe295-f587-7ec8-94df-cf1f907327b9, run_start_date=2026-08-08 18:15:19.824701+00:00, run_end_date=2026-08-08 18:15:24.801104+00:00, run_duration=4.976403, state=success, executor=CeleryExecutor(parallelism=32), executor_state=success, try_number=1, max_tries=2, pool=default_pool, queue=default, priority_weight=3, operator=PythonOperator, queued_dttm=2026-08-08 18:15:19.638459+00:00, scheduled_dttm=2026-08-08 18:15:19.601092+00:00,queued_by_job_id=11, pid=96 [airflow.jobs.scheduler_job_runner.SchedulerJobRunner] loc=scheduler_job_runner.py:1403
2026-08-08T18:15:33.950050Z [info     ] Received executor event with state success for task instance TaskInstanceKey(dag_id='marketvol', task_id='move_aapl_data', run_id='scheduled__2026-08-06T18:00:00+00:00', try_number=1, map_index=-1) [airflow.jobs.scheduler_job_runner.SchedulerJobRunner] loc=scheduler_job_runner.py:1311
2026-08-08T18:15:33.966619Z [info     ] TaskInstance Finished: dag_id=marketvol, task_id=move_aapl_data, run_id=scheduled__2026-08-06T18:00:00+00:00, map_index=-1, ti_id=019fe295-f588-7f5c-8823-69c33ba8b66a, run_start_date=2026-08-08 18:15:26.188075+00:00, run_end_date=2026-08-08 18:15:28.736368+00:00, run_duration=2.548293, state=success, executor=CeleryExecutor(parallelism=32), executor_state=success, try_number=1, max_tries=2, pool=default_pool, queue=default, priority_weight=2, operator=BashOperator, queued_dttm=2026-08-08 18:15:25.885935+00:00, scheduled_dttm=2026-08-08 18:15:25.839803+00:00,queued_by_job_id=11, pid=126 [airflow.jobs.scheduler_job_runner.SchedulerJobRunner] loc=scheduler_job_runner.py:1403
2026-08-08T18:20:06.152475Z [info     ] Adopting or resetting orphaned tasks for active dag runs [airflow.jobs.scheduler_job_runner.SchedulerJobRunner] loc=scheduler_job_runner.py:3244
